Date,Close,ETH_Close
11/9/2017,7143.580078,320.884003
11/10/2017,6618.140137,299.252991
11/11/2017,6357.600098,314.681
11/12/2017,5950.069824,307.90799
11/13/2017,6559.490234,316.716003
11/14/2017,6635.75,337.631012
11/15/2017,7315.540039,333.356995
11/16/2017,7871.689941,330.924011
11/17/2017,7708.990234,332.394012
11/18/2017,7790.149902,347.612
11/19/2017,8036.490234,354.385986
11/20/2017,8200.639648,366.730011
11/21/2017,8071.259766,360.401001
11/22/2017,8253.549805,380.652008
11/23/2017,8038.77002,410.165985
11/24/2017,8253.69043,474.911011
11/25/2017,8790.919922,466.276001
11/26/2017,9330.549805,471.329987
11/27/2017,9818.349609,480.355011
11/28/2017,10058.79981,472.902008
11/29/2017,9888.610352,427.52301
11/30/2017,10233.59961,447.114014
12/1/2017,10975.59961,466.540009
12/2/2017,11074.59961,463.449005
12/3/2017,11323.2002,465.852997
12/4/2017,11657.2002,470.20401
12/5/2017,11916.7002,463.281006
12/6/2017,14291.5,428.588013
12/7/2017,17899.69922,434.40799
12/8/2017,16569.40039,456.031006
12/9/2017,15178.2002,473.502014
12/10/2017,15455.40039,441.721008
12/11/2017,16936.80078,515.135986
12/12/2017,17415.40039,651.43103
12/13/2017,16408.19922,702.767029
12/14/2017,16564,695.815979
12/15/2017,17706.90039,684.447998
12/16/2017,19497.40039,696.208984
12/17/2017,19140.80078,719.974976
12/18/2017,19114.19922,794.64502
12/19/2017,17776.69922,826.822998
12/20/2017,16624.59961,819.085999
12/21/2017,15802.90039,821.062988
12/22/2017,13831.79981,674.859985
12/23/2017,14699.2002,719.387024
12/24/2017,13925.79981,694.14801
12/25/2017,14026.59961,765.833984
12/26/2017,16099.79981,773.835999
12/27/2017,15838.5,762.84198
12/28/2017,14606.5,737.02301
12/29/2017,14656.2002,753.59198
12/30/2017,12952.2002,717.257019
12/31/2017,14156.40039,756.732971
1/1/2018,13657.2002,772.640991
1/2/2018,14982.09961,884.44397
1/3/2018,15201,962.719971
1/4/2018,15599.2002,980.921997
1/5/2018,17429.5,997.719971
1/6/2018,17527,1041.680054
1/7/2018,16477.59961,1153.170044
1/8/2018,15170.09961,1148.530029
1/9/2018,14595.40039,1299.73999
1/10/2018,14973.29981,1255.819946
1/11/2018,13405.79981,1154.930054
1/12/2018,13980.59961,1273.199951
1/13/2018,14360.2002,1396.420044
1/14/2018,13772,1366.77002
1/15/2018,13819.79981,1291.920044
1/16/2018,11490.5,1053.689941
1/17/2018,11188.59961,1014.25
1/18/2018,11474.90039,1036.280029
1/19/2018,11607.40039,1039.099976
1/20/2018,12899.2002,1155.150024
1/21/2018,11600.09961,1049.579956
1/22/2018,10931.40039,1003.26001
1/23/2018,10868.40039,986.229004
1/24/2018,11359.40039,1058.780029
1/25/2018,11259.40039,1056.030029
1/26/2018,11171.40039,1055.170044
1/27/2018,11440.7002,1107.069946
1/28/2018,11786.29981,1246.01001
1/29/2018,11296.40039,1182.359985
1/30/2018,10106.29981,1071.130005
1/31/2018,10221.09961,1118.310059
2/1/2018,9170.540039,1036.790039
2/2/2018,8830.75,915.784973
2/3/2018,9174.910156,964.018982
2/4/2018,8277.009766,834.682007
2/5/2018,6955.27002,697.950989
2/6/2018,7754,793.122009
2/7/2018,7621.299805,757.067993
2/8/2018,8265.589844,817.807007
2/9/2018,8736.980469,883.86499
2/10/2018,8621.900391,860.414978
2/11/2018,8129.970215,814.659973
2/12/2018,8926.570313,868.70697
2/13/2018,8598.30957,845.257996
2/14/2018,9494.629883,923.560974
2/15/2018,10166.40039,936.976013
2/16/2018,10233.90039,944.210022
2/17/2018,11112.7002,974.11499
2/18/2018,10551.79981,923.921021
2/19/2018,11225.29981,943.86499
2/20/2018,11403.7002,895.370972
2/21/2018,10690.40039,849.971008
2/22/2018,10005,812.844971
2/23/2018,10301.09961,864.189026
2/24/2018,9813.070313,840.515015
2/25/2018,9664.730469,844.809998
2/26/2018,10366.7002,869.315002
2/27/2018,10725.59961,878.265015
2/28/2018,10397.90039,855.198975
3/1/2018,10951,872.200012
3/2/2018,11086.40039,856.853027
3/3/2018,11489.7002,857.224976
3/4/2018,11512.59961,866.677979
3/5/2018,11573.29981,853.684021
3/6/2018,10779.90039,816.950989
3/7/2018,9965.570313,752.830994
3/8/2018,9395.009766,704.596008
3/9/2018,9337.549805,728.916016
3/10/2018,8866,686.890015
3/11/2018,9578.629883,723.338989
3/12/2018,9205.120117,699.830994
3/13/2018,9194.849609,690.827026
3/14/2018,8269.80957,614.291016
3/15/2018,8300.860352,611.304016
3/16/2018,8338.349609,601.666016
3/17/2018,7916.879883,552.778992
3/18/2018,8223.679688,538.643982
3/19/2018,8630.650391,556.726013
3/20/2018,8913.469727,557.174988
3/21/2018,8929.280273,561.731995
3/22/2018,8728.469727,539.702026
3/23/2018,8879.620117,539.619019
3/24/2018,8668.120117,526.439026
3/25/2018,8495.780273,524.286987
3/26/2018,8209.400391,489.950989
3/27/2018,7833.040039,450.115997
3/28/2018,7954.47998,446.278992
3/29/2018,7165.700195,385.967987
3/30/2018,6890.52002,394.644989
3/31/2018,6973.529785,396.457001
4/1/2018,6844.22998,379.606995
4/2/2018,7083.799805,386.424988
4/3/2018,7456.109863,416.893005
4/4/2018,6853.839844,380.542999
4/5/2018,6811.470215,383.231995
4/6/2018,6636.319824,370.285004
4/7/2018,6911.089844,385.313995
4/8/2018,7023.52002,400.507996
4/9/2018,6770.72998,398.526001
4/10/2018,6834.759766,414.243011
4/11/2018,6968.319824,430.540009
4/12/2018,7889.25,492.94101
4/13/2018,7895.959961,492.734985
4/14/2018,7986.240234,501.477997
4/15/2018,8329.110352,531.702026
4/16/2018,8058.669922,511.147003
4/17/2018,7902.089844,502.894012
4/18/2018,8163.419922,524.789001
4/19/2018,8294.30957,567.888977
4/20/2018,8845.830078,615.718018
4/21/2018,8895.580078,605.39502
4/22/2018,8802.459961,621.859985
4/23/2018,8930.879883,642.547974
4/24/2018,9697.5,708.15802
4/25/2018,8845.740234,615.416016
4/26/2018,9281.509766,662.809021
4/27/2018,8987.049805,647.031982
4/28/2018,9348.480469,683.677979
4/29/2018,9419.080078,688.880981
4/30/2018,9240.549805,669.924011
5/1/2018,9119.009766,673.612976
5/2/2018,9235.919922,687.148987
5/3/2018,9743.860352,779.54303
5/4/2018,9700.759766,785.624023
5/5/2018,9858.150391,816.119995
5/6/2018,9654.799805,792.310974
5/7/2018,9373.009766,753.724976
5/8/2018,9234.820313,752.856995
5/9/2018,9325.179688,752.275024
5/10/2018,9043.94043,727.276978
5/11/2018,8441.490234,679.585999
5/12/2018,8504.889648,686.047974
5/13/2018,8723.94043,733.495972
5/14/2018,8716.790039,730.549011
5/15/2018,8510.379883,708.870972
5/16/2018,8368.830078,707.049988
5/17/2018,8094.319824,672.656982
5/18/2018,8250.969727,694.367004
5/19/2018,8247.179688,696.530029
5/20/2018,8513.25,715.369019
5/21/2018,8418.990234,699.221985
5/22/2018,8041.779785,647.741028
5/23/2018,7557.819824,583.585022
5/24/2018,7587.339844,601.755005
5/25/2018,7480.140137,586.734009
5/26/2018,7355.879883,587.280029
5/27/2018,7368.220215,572.66803
5/28/2018,7135.990234,516.036011
5/29/2018,7472.589844,565.388
5/30/2018,7406.52002,559.590027
5/31/2018,7494.169922,577.64502
6/1/2018,7541.450195,580.04303
6/2/2018,7643.450195,591.807983
6/3/2018,7720.25,618.328979
6/4/2018,7514.470215,592.984985
6/5/2018,7633.759766,609.302979
6/6/2018,7653.97998,607.124023
6/7/2018,7678.240234,605.187012
6/8/2018,7624.919922,601.077026
6/9/2018,7531.97998,597.562012
6/10/2018,6786.02002,526.479004
6/11/2018,6906.919922,533.283997
6/12/2018,6582.359863,496.842987
6/13/2018,6349.899902,477.493988
6/14/2018,6675.350098,519.742004
6/15/2018,6456.580078,491.003998
6/16/2018,6550.160156,499.641998
6/17/2018,6499.27002,500.447998
6/18/2018,6734.819824,518.890991
6/19/2018,6769.939941,537.95697
6/20/2018,6776.549805,536.268005
6/21/2018,6729.740234,527.367004
6/22/2018,6083.689941,465.816986
6/23/2018,6162.47998,474.519989
6/24/2018,6173.22998,457.671997
6/25/2018,6249.180176,460.309998
6/26/2018,6093.669922,432.772003
6/27/2018,6157.129883,442.36499
6/28/2018,5903.439941,422.36499
6/29/2018,6218.299805,436.009003
6/30/2018,6404,455.179993
7/1/2018,6385.819824,453.917999
7/2/2018,6614.180176,475.346985
7/3/2018,6529.589844,464.195007
7/4/2018,6597.549805,467.317993
7/5/2018,6639.140137,474.411987
7/6/2018,6673.5,474.011993
7/7/2018,6856.930176,491.660004
7/8/2018,6773.879883,489.118988
7/9/2018,6741.75,476.682007
7/10/2018,6329.950195,434.424011
7/11/2018,6394.709961,446.518005
7/12/2018,6228.810059,430.074005
7/13/2018,6238.049805,434.027008
7/14/2018,6276.120117,436.085999
7/15/2018,6359.640137,449.850006
7/16/2018,6741.75,480.65799
7/17/2018,7321.040039,501.002014
7/18/2018,7370.779785,480.513
7/19/2018,7466.859863,469.618988
7/20/2018,7354.129883,450.697998
7/21/2018,7419.290039,462.436005
7/22/2018,7418.490234,459.657013
7/23/2018,7711.109863,450.852997
7/24/2018,8424.269531,479.372986
7/25/2018,8181.390137,472.493011
7/26/2018,7951.580078,464.036987
7/27/2018,8165.009766,469.665985
7/28/2018,8192.150391,466.89801
7/29/2018,8218.459961,466.665009
7/30/2018,8180.47998,457.080994
7/31/2018,7780.439941,433.867004
8/1/2018,7624.910156,420.747009
8/2/2018,7567.149902,412.621002
8/3/2018,7434.390137,418.261993
8/4/2018,7032.850098,407.252014
8/5/2018,7068.47998,410.515991
8/6/2018,6951.799805,406.65799
8/7/2018,6753.120117,380.214996
8/8/2018,6305.799805,356.613007
8/9/2018,6568.22998,365.588013
8/10/2018,6184.709961,334.175995
8/11/2018,6295.72998,322.112
8/12/2018,6322.689941,319.570007
8/13/2018,6297.569824,286.494995
8/14/2018,6199.709961,278.932007
8/15/2018,6308.52002,282.364014
8/16/2018,6334.72998,288.04599
8/17/2018,6580.629883,315.729004
8/18/2018,6423.759766,295.812012
8/19/2018,6506.069824,300.834015
8/20/2018,6308.529785,274.315002
8/21/2018,6488.759766,281.944
8/22/2018,6376.709961,271.341003
8/23/2018,6534.879883,277.104004
8/24/2018,6719.959961,282.96701
8/25/2018,6763.189941,279.645996
8/26/2018,6707.259766,275.196991
8/27/2018,6884.640137,285.602997
8/28/2018,7096.279785,296.498993
8/29/2018,7047.160156,289.312012
8/30/2018,6978.22998,284.105011
8/31/2018,7037.580078,283.003998
9/1/2018,7193.25,295.341003
9/2/2018,7272.720215,294.371002
9/3/2018,7260.060059,289.259003
9/4/2018,7361.660156,285.722992
9/5/2018,6792.830078,232.330994
9/6/2018,6529.169922,230.214996
9/7/2018,6467.069824,217.203003
9/8/2018,6225.97998,197.951004
9/9/2018,6300.859863,196.923996
9/10/2018,6329.700195,197.078995
9/11/2018,6321.200195,185.065994
9/12/2018,6351.799805,183.330994
9/13/2018,6517.310059,211.354004
9/14/2018,6512.709961,211.748993
9/15/2018,6543.200195,223.074005
9/16/2018,6517.180176,220.589005
9/17/2018,6281.200195,197.875
9/18/2018,6371.299805,209.975006
9/19/2018,6398.540039,209.968994
9/20/2018,6519.669922,224.591003
9/21/2018,6734.950195,246.584
9/22/2018,6721.97998,240.479996
9/23/2018,6710.629883,244.330002
9/24/2018,6595.410156,228.729996
9/25/2018,6446.470215,218.505005
9/26/2018,6495,215.847
9/27/2018,6676.75,228.494003
9/28/2018,6644.129883,222.401993
9/29/2018,6601.959961,231.634995
9/30/2018,6625.560059,232.848007
10/1/2018,6589.620117,230.768005
10/2/2018,6556.100098,227.181
10/3/2018,6502.589844,220.488998
10/4/2018,6576.689941,222.218002
10/5/2018,6622.47998,227.600998
10/6/2018,6588.310059,225.119995
10/7/2018,6602.950195,226.119003
10/8/2018,6652.22998,229.255005
10/9/2018,6642.640137,227.981995
10/10/2018,6585.529785,225.768997
10/11/2018,6256.240234,189.498993
10/12/2018,6274.580078,196.727005
10/13/2018,6285.990234,199.841003
10/14/2018,6290.930176,195.714996
10/15/2018,6596.540039,209.703995
10/16/2018,6596.109863,210.119995
10/17/2018,6544.430176,207.082993
10/18/2018,6476.709961,203.352005
10/19/2018,6465.410156,203.727005
10/20/2018,6489.189941,205.429993
10/21/2018,6482.350098,205.141998
10/22/2018,6487.160156,204.044006
10/23/2018,6475.740234,204.335999
10/24/2018,6495.839844,203.852005
10/25/2018,6476.290039,202.718994
10/26/2018,6474.75,203.328995
10/27/2018,6480.379883,204.210007
10/28/2018,6486.390137,205.365997
10/29/2018,6332.629883,197.246994
10/30/2018,6334.27002,197.556
10/31/2018,6317.609863,197.380997
11/1/2018,6377.779785,198.871994
11/2/2018,6388.439941,200.634995
11/3/2018,6361.259766,200.186005
11/4/2018,6376.129883,207.485992
11/5/2018,6419.660156,209.091003
11/6/2018,6461.009766,218.451996
11/7/2018,6530.140137,217.182999
11/8/2018,6453.720215,212.231003
11/9/2018,6385.620117,210.074005
11/10/2018,6409.220215,212.533005
11/11/2018,6411.27002,211.339996
11/12/2018,6371.27002,210.417999
11/13/2018,6359.490234,206.826004
11/14/2018,5738.350098,181.397003
11/15/2018,5648.029785,180.806
11/16/2018,5575.549805,175.177002
11/17/2018,5554.330078,174.001007
11/18/2018,5623.540039,177.067001
11/19/2018,4871.490234,149.175003
11/20/2018,4451.870117,130.339005
11/21/2018,4602.169922,136.701004
11/22/2018,4365.939941,126.706001
11/23/2018,4347.109863,123.295998
11/24/2018,3880.76001,113.494003
11/25/2018,4009.969971,116.449997
11/26/2018,3779.129883,108.334999
11/27/2018,3820.719971,110.010002
11/28/2018,4257.419922,122.438004
11/29/2018,4278.84668,117.542648
11/30/2018,4017.268555,113.171417
12/1/2018,4214.671875,118.635559
12/2/2018,4139.87793,116.388901
12/3/2018,3894.130859,108.925018
12/4/2018,3956.893799,110.214188
12/5/2018,3753.994873,102.475555
12/6/2018,3521.101807,91.761055
12/7/2018,3419.937256,93.294563
12/8/2018,3476.114746,92.159637
12/9/2018,3614.234375,95.142059
12/10/2018,3502.656006,91.685654
12/11/2018,3424.588135,88.945305
12/12/2018,3486.950195,90.5933
12/13/2018,3313.677246,86.539314
12/14/2018,3242.484863,84.308296
12/15/2018,3236.761719,84.440811
12/16/2018,3252.839111,85.2621
12/17/2018,3545.864746,95.133827
12/18/2018,3696.059082,101.112457
12/19/2018,3745.950684,101.268578
12/20/2018,4134.441406,116.216873
12/21/2018,3896.543701,109.496231
12/22/2018,4014.182617,116.759499
12/23/2018,3998.980225,130.765259
12/24/2018,4078.599121,140.238007
12/25/2018,3815.490723,129.844345
12/26/2018,3857.297607,131.865631
12/27/2018,3654.833496,116.575912
12/28/2018,3923.918701,137.647018
12/29/2018,3820.408691,138.018341
12/30/2018,3865.952637,139.859451
12/31/2018,3742.700439,133.368256
1/1/2019,3843.52002,140.819412
1/2/2019,3943.409424,155.047684
1/3/2019,3836.741211,149.13501
1/4/2019,3857.717529,154.58194
1/5/2019,3845.19458,155.638596
1/6/2019,4076.632568,157.746201
1/7/2019,4025.248291,151.699219
1/8/2019,4030.8479,150.359634
1/9/2019,4035.296387,150.803116
1/10/2019,3678.924561,128.625183
1/11/2019,3687.365479,127.548325
1/12/2019,3661.301025,125.96653
1/13/2019,3552.953125,116.897804
1/14/2019,3706.052246,129.068726
1/15/2019,3630.675293,122.032715
1/16/2019,3655.006836,123.547066
1/17/2019,3678.563965,123.74192
1/18/2019,3657.839355,121.010262
1/19/2019,3728.568359,124.51902
1/20/2019,3601.013672,119.474831
1/21/2019,3576.032471,117.157852
1/22/2019,3604.577148,118.747551
1/23/2019,3585.123047,117.452606
1/24/2019,3600.865479,117.362885
1/25/2019,3599.765869,116.378342
1/26/2019,3602.460449,116.488739
1/27/2019,3583.96582,113.405289
1/28/2019,3470.450439,106.589973
1/29/2019,3448.116943,105.598213
1/30/2019,3486.181641,108.907539
1/31/2019,3457.792725,107.061012
2/1/2019,3487.945313,107.609787
2/2/2019,3521.060791,110.43026
2/3/2019,3464.013428,107.492668
2/4/2019,3459.154053,107.821602
2/5/2019,3466.357422,107.44352
2/6/2019,3413.767822,104.919289
2/7/2019,3399.47168,104.535301
2/8/2019,3666.780273,119.267746
2/9/2019,3671.203613,119.430885
2/10/2019,3690.188232,124.806488
2/11/2019,3648.430664,121.298393
2/12/2019,3653.528564,122.572289
2/13/2019,3632.070557,122.553604
2/14/2019,3616.880859,121.390205
2/15/2019,3620.810791,122.100388
2/16/2019,3629.787598,123.260216
2/17/2019,3673.836182,133.598877
2/18/2019,3915.714355,146.098373
2/19/2019,3947.094482,145.346191
2/20/2019,3999.820557,149.554337
2/21/2019,3954.118164,146.130844
2/22/2019,4005.526611,149.092453
2/23/2019,4142.526855,158.795425
2/24/2019,3810.42749,135.852661
2/25/2019,3882.696289,139.822861
2/26/2019,3854.35791,138.089676
2/27/2019,3851.047363,136.125961
2/28/2019,3854.7854,136.746246
3/1/2019,3859.58374,136.443619
3/2/2019,3864.415039,134.206955
3/3/2019,3847.175781,132.24942
3/4/2019,3761.557129,127.774124
3/5/2019,3896.375,137.822388
3/6/2019,3903.942627,138.789352
3/7/2019,3911.484375,138.0345
3/8/2019,3901.131592,135.127075
3/9/2019,3963.313721,137.965332
3/10/2019,3951.599854,136.758682
3/11/2019,3905.227295,133.83403
3/12/2019,3909.15625,134.442886
3/13/2019,3906.717285,133.263077
3/14/2019,3924.369141,133.711594
3/15/2019,3960.911133,137.691788
3/16/2019,4048.72583,142.398178
3/17/2019,4025.229004,140.000549
3/18/2019,4032.507324,139.374603
3/19/2019,4071.190186,140.519196
3/20/2019,4087.476318,140.686356
3/21/2019,4029.326904,136.636063
3/22/2019,4023.968262,137.181442
3/23/2019,4035.826416,138.239868
3/24/2019,4022.168213,136.986923
3/25/2019,3963.070557,135.031021
3/26/2019,3985.080811,135.460358
3/27/2019,4087.066162,140.988159
3/28/2019,4069.107178,139.416473
3/29/2019,4098.374512,142.497421
3/30/2019,4106.660156,142.092682
3/31/2019,4105.404297,141.514099
4/1/2019,4158.183105,141.830322
4/2/2019,4879.87793,163.961746
4/3/2019,4973.021973,161.458801
4/4/2019,4922.798828,158.052536
4/5/2019,5036.681152,165.514847
4/6/2019,5059.817383,165.947205
4/7/2019,5198.896973,174.531647
4/8/2019,5289.770996,180.25882
4/9/2019,5204.958496,176.114578
4/10/2019,5324.551758,177.337479
4/11/2019,5064.487793,165.497025
4/12/2019,5089.539063,164.736328
4/13/2019,5096.586426,164.513351
4/14/2019,5167.722168,167.838516
4/15/2019,5067.108398,161.574173
4/16/2019,5235.55957,167.623444
4/17/2019,5251.937988,166.95076
4/18/2019,5298.385742,173.814026
4/19/2019,5303.8125,173.708435
4/20/2019,5337.88623,173.751266
4/21/2019,5314.53125,170.046524
4/22/2019,5399.365234,171.874664
4/23/2019,5572.362305,171.4478
4/24/2019,5464.866699,165.826096
4/25/2019,5210.515625,154.459396
4/26/2019,5279.348145,156.347092
4/27/2019,5268.291016,158.434937
4/28/2019,5285.13916,157.295074
4/29/2019,5247.352539,155.201996
4/30/2019,5350.726563,162.166031
5/1/2019,5402.697266,160.818344
5/2/2019,5505.283691,162.122787
5/3/2019,5768.289551,167.952408
5/4/2019,5831.16748,164.026581
5/5/2019,5795.708496,163.450699
5/6/2019,5746.807129,172.653214
5/7/2019,5829.501465,169.79866
5/8/2019,5982.45752,170.948166
5/9/2019,6174.528809,170.289307
5/10/2019,6378.849121,173.142746
5/11/2019,7204.771484,194.304337
5/12/2019,6972.371582,187.325317
5/13/2019,7814.915039,196.846283
5/14/2019,7994.416016,217.148575
5/15/2019,8205.167969,247.153061
5/16/2019,7884.90918,264.01001
5/17/2019,7343.895508,243.764587
5/18/2019,7271.208008,234.59523
5/19/2019,8197.689453,261.292206
5/20/2019,7978.309082,251.86441
5/21/2019,7963.327637,255.215881
5/22/2019,7680.066406,244.698914
5/23/2019,7881.84668,245.965668
5/24/2019,7987.371582,249.484985
5/25/2019,8052.543945,251.759872
5/26/2019,8673.21582,267.069641
5/27/2019,8805.77832,272.86264
5/28/2019,8719.961914,271.768707
5/29/2019,8659.487305,269.455688
5/30/2019,8319.472656,255.858948
5/31/2019,8574.501953,268.113556
6/1/2019,8564.016602,265.391266
6/2/2019,8742.958008,270.225525
6/3/2019,8208.995117,252.607925
6/4/2019,7707.770996,241.338791
6/5/2019,7824.231445,247.05101
6/6/2019,7822.023438,249.474335
6/7/2019,8043.951172,250.930359
6/8/2019,7954.12793,245.738098
6/9/2019,7688.077148,233.0867
6/10/2019,8000.32959,247.520126
6/11/2019,7927.714355,245.78183
6/12/2019,8145.857422,260.90329
6/13/2019,8230.923828,256.168793
6/14/2019,8693.833008,264.087463
6/15/2019,8838.375,269.019318
6/16/2019,8994.488281,269.223206
6/17/2019,9320.352539,274.351105
6/18/2019,9081.762695,265.051849
6/19/2019,9273.521484,269.431793
6/20/2019,9527.160156,271.695007
6/21/2019,10144.55664,294.910278
6/22/2019,10701.69141,309.38031
6/23/2019,10855.37109,307.827789
6/24/2019,11011.10254,310.424683
6/25/2019,11790.91699,318.126312
6/26/2019,13016.23145,336.753174
6/27/2019,11182.80664,294.267639
6/28/2019,12407.33203,311.226105
6/29/2019,11959.37109,320.058899
6/30/2019,10817.15527,290.695984
7/1/2019,10583.13477,293.641113
7/2/2019,10801.67773,291.596436
7/3/2019,11961.26953,303.099976
7/4/2019,11215.4375,284.523224
7/5/2019,10978.45996,287.997528
7/6/2019,11208.55078,287.547119
7/7/2019,11450.84668,305.700562
7/8/2019,12285.95801,313.251404
7/9/2019,12573.8125,308.881012
7/10/2019,12156.5127,290.002319
7/11/2019,11358.66211,268.704041
7/12/2019,11815.98633,276.276703
7/13/2019,11392.37891,269.458801
7/14/2019,10256.05859,227.578064
7/15/2019,10895.08984,229.776001
7/16/2019,9477.641602,199.188675
7/17/2019,9693.802734,211.48497
7/18/2019,10666.48242,226.566162
7/19/2019,10530.73242,221.33342
7/20/2019,10767.13965,229.119217
7/21/2019,10599.10547,225.630768
7/22/2019,10343.10645,217.560013
7/23/2019,9900.767578,212.728516
7/24/2019,9811.925781,217.046371
7/25/2019,9911.841797,219.617996
7/26/2019,9870.303711,219.629608
7/27/2019,9477.677734,207.40831
7/28/2019,9552.860352,211.186554
7/29/2019,9519.145508,211.268051
7/30/2019,9607.423828,210.522598
7/31/2019,10085.62793,218.654144
8/1/2019,10399.66895,217.808441
8/2/2019,10518.17481,217.871567
8/3/2019,10821.72656,222.490341
8/4/2019,10970.18457,222.669724
8/5/2019,11805.65332,234.215027
8/6/2019,11478.16895,226.020645
8/7/2019,11941.96875,226.391006
8/8/2019,11966.40723,220.941864
8/9/2019,11862.93652,210.488907
8/10/2019,11354.02441,206.733536
8/11/2019,11523.5791,216.092865
8/12/2019,11382.61621,211.288071
8/13/2019,10895.83008,208.709045
8/14/2019,10051.7041,186.607742
8/15/2019,10311.5459,188.50206
8/16/2019,10374.33887,185.440079
8/17/2019,10231.74414,185.687683
8/18/2019,10345.81055,194.49353
8/19/2019,10916.05371,203.091934
8/20/2019,10763.23242,196.565414
8/21/2019,10138.04981,186.891632
8/22/2019,10131.05566,191.332916
8/23/2019,10407.96484,194.706207
8/24/2019,10159.96094,191.289566
8/25/2019,10138.51758,186.842392
8/26/2019,10370.82031,188.929382
8/27/2019,10185.5,187.516663
8/28/2019,9754.422852,173.889969
8/29/2019,9510.200195,169.516739
8/30/2019,9598.173828,168.834869
8/31/2019,9630.664063,172.469788
9/1/2019,9757.970703,171.629425
9/2/2019,10346.76074,178.347351
9/3/2019,10623.54004,179.499329
9/4/2019,10594.49316,175.992889
9/5/2019,10575.5332,174.217133
9/6/2019,10353.30273,169.956177
9/7/2019,10517.25488,178.262619
9/8/2019,10441.27637,181.35553
9/9/2019,10334.97461,181.14946
9/10/2019,10115.97559,179.78717
9/11/2019,10178.37207,178.725494
9/12/2019,10410.12695,181.016098
9/13/2019,10360.54688,181.109726
9/14/2019,10358.04883,188.105515
9/15/2019,10347.71289,189.789124
9/16/2019,10276.79395,197.113174
9/17/2019,10241.27246,208.608749
9/18/2019,10198.24805,211.393036
9/19/2019,10266.41504,221.280853
9/20/2019,10181.6416,218.050049
9/21/2019,10019.7168,215.516205
9/22/2019,10070.39258,211.54538
9/23/2019,9729.324219,201.92131
9/24/2019,8620.566406,168.110733
9/25/2019,8486.993164,170.8927
9/26/2019,8118.967773,166.727127
9/27/2019,8251.845703,174.710999
9/28/2019,8245.915039,174.572891
9/29/2019,8104.185547,170.503479
9/30/2019,8293.868164,179.872208
10/1/2019,8343.276367,177.340424
10/2/2019,8393.041992,180.71051
10/3/2019,8259.992188,175.199341
10/4/2019,8205.939453,176.985001
10/5/2019,8151.500488,176.351517
10/6/2019,7988.155762,173.059143
10/7/2019,8245.623047,181.18634
10/8/2019,8228.783203,182.021561
10/9/2019,8595.740234,193.293259
10/10/2019,8586.473633,191.659668
10/11/2019,8321.756836,182.569687
10/12/2019,8336.555664,180.826645
10/13/2019,8321.005859,182.07515
10/14/2019,8374.686523,186.960907
10/15/2019,8205.369141,181.406067
10/16/2019,8047.526855,176.013504
10/17/2019,8103.911133,178.028351
10/18/2019,7973.20752,173.621338
10/19/2019,7988.560547,172.913025
10/20/2019,8222.078125,175.534378
10/21/2019,8243.720703,174.92099
10/22/2019,8078.203125,172.300858
10/23/2019,7514.671875,162.402786
10/24/2019,7493.48877,162.168549
10/25/2019,8660.700195,181.523209
10/26/2019,9244.972656,179.83548
10/27/2019,9551.714844,184.242218
10/28/2019,9256.148438,182.662811
10/29/2019,9427.6875,190.342575
10/30/2019,9205.726563,184.692169
10/31/2019,9199.584961,183.966919
11/1/2019,9261.104492,183.969894
11/2/2019,9324.717773,183.92572
11/3/2019,9235.354492,182.425018
11/4/2019,9412.612305,186.355194
11/5/2019,9342.527344,189.304169
11/6/2019,9360.879883,191.593842
11/7/2019,9267.561523,187.976547
11/8/2019,8804.880859,184.211472
11/9/2019,8813.582031,185.028717
11/10/2019,9055.526367,189.47728
11/11/2019,8757.788086,185.489639
11/12/2019,8815.662109,186.843414
11/13/2019,8808.262695,188.258743
11/14/2019,8708.094727,185.999634
11/15/2019,8491.992188,180.521179
11/16/2019,8550.760742,183.348358
11/17/2019,8577.975586,185.119232
11/18/2019,8309.286133,180.559601
11/19/2019,8206.145508,177.455551
11/20/2019,8027.268066,175.698349
11/21/2019,7642.75,161.462723
11/22/2019,7296.577637,150.268173
11/23/2019,7397.796875,153.417786
11/24/2019,7047.916992,142.834702
11/25/2019,7146.133789,146.476532
11/26/2019,7218.371094,148.965073
11/27/2019,7531.663574,153.010559
11/28/2019,7463.105957,151.717575
11/29/2019,7761.243652,155.304153
11/30/2019,7569.629883,152.539688
12/1/2019,7424.29248,151.18573
12/2/2019,7321.988281,149.059158
12/3/2019,7320.145508,147.956421
12/4/2019,7252.034668,146.747742
12/5/2019,7448.307617,149.248993
12/6/2019,7546.996582,149.194443
12/7/2019,7556.237793,148.768158
12/8/2019,7564.345215,151.264725
12/9/2019,7400.899414,148.225174
12/10/2019,7278.119629,146.267044
12/11/2019,7217.427246,143.608002
12/12/2019,7243.134277,145.604004
12/13/2019,7269.68457,144.944748
12/14/2019,7124.673828,142.869232
12/15/2019,7152.301758,143.11499
12/16/2019,6932.480469,133.614029
12/17/2019,6640.515137,122.603889
12/18/2019,7276.802734,133.092194
12/19/2019,7202.844238,129.321136
12/20/2019,7218.816406,129.066055
12/21/2019,7191.158691,128.130951
12/22/2019,7511.588867,132.372513
12/23/2019,7355.628418,128.61409
12/24/2019,7322.532227,129.063889
12/25/2019,7275.155762,126.454636
12/26/2019,7238.966797,126.361221
12/27/2019,7290.088379,127.214607
12/28/2019,7317.990234,128.322708
12/29/2019,7422.652832,134.75798
12/30/2019,7292.995117,132.633484
12/31/2019,7193.599121,129.610855
1/1/2020,7200.174316,130.802002
1/2/2020,6985.470215,127.410179
1/3/2020,7344.884277,134.171707
1/4/2020,7410.656738,135.069366
1/5/2020,7411.317383,136.276779
1/6/2020,7769.219238,144.304153
1/7/2020,8163.692383,143.543991
1/8/2020,8079.862793,141.258133
1/9/2020,7879.071289,138.979202
1/10/2020,8166.554199,143.963776
1/11/2020,8037.537598,142.927109
1/12/2020,8192.494141,145.873932
1/13/2020,8144.194336,144.226593
1/14/2020,8827.764648,165.955353
1/15/2020,8807.010742,166.230682
1/16/2020,8723.786133,164.391006
1/17/2020,8929.038086,170.779953
1/18/2020,8942.808594,175.365677
1/19/2020,8706.245117,166.969849
1/20/2020,8657.642578,167.120514
1/21/2020,8745.894531,169.697159
1/22/2020,8680.875977,168.294159
1/23/2020,8406.515625,162.928558
1/24/2020,8445.43457,163.051178
1/25/2020,8367.847656,161.283936
1/26/2020,8596.830078,168.077103
1/27/2020,8909.819336,170.930893
1/28/2020,9358.589844,176.370316
1/29/2020,9316.629883,175.050339
1/30/2020,9508.993164,184.690475
1/31/2020,9350.529297,180.160172
2/1/2020,9392.875,183.67395
2/2/2020,9344.365234,188.617538
2/3/2020,9293.521484,189.865067
2/4/2020,9180.962891,189.250595
2/5/2020,9613.423828,204.23024
2/6/2020,9729.801758,212.339081
2/7/2020,9795.943359,222.726059
2/8/2020,9865.119141,223.146515
2/9/2020,10116.67383,228.578568
2/10/2020,9856.611328,223.522705
2/11/2020,10208.23633,235.851196
2/12/2020,10326.05469,265.406128
2/13/2020,10214.37988,268.099243
2/14/2020,10312.11621,284.217499
2/15/2020,9889.424805,264.728577
2/16/2020,9934.433594,259.894714
2/17/2020,9690.142578,266.363434
2/18/2020,10141.99609,281.94458
2/19/2020,9633.386719,259.763977
2/20/2020,9608.475586,257.949463
2/21/2020,9686.441406,265.600616
2/22/2020,9663.181641,262.331726
2/23/2020,9924.515625,273.75415
2/24/2020,9650.174805,265.216431
2/25/2020,9341.705078,247.817596
2/26/2020,8820.522461,225.680267
2/27/2020,8784.494141,226.753387
2/28/2020,8672.455078,226.760498
2/29/2020,8599.508789,219.848511
3/1/2020,8562.454102,218.970596
3/2/2020,8869.669922,230.569778
3/3/2020,8787.786133,224.47963
3/4/2020,8755.246094,224.517975
3/5/2020,9078.762695,229.268188
3/6/2020,9122.545898,243.525299
3/7/2020,8909.954102,237.853088
3/8/2020,8108.116211,200.689056
3/9/2020,7923.644531,201.986328
3/10/2020,7909.729492,200.767242
3/11/2020,7911.430176,194.86853
3/12/2020,4970.788086,112.347122
3/13/2020,5563.707031,133.201813
3/14/2020,5200.366211,123.306023
3/15/2020,5392.314941,125.214302
3/16/2020,5014.47998,110.605873
3/17/2020,5225.629395,113.942749
3/18/2020,5238.438477,114.84227
3/19/2020,6191.192871,136.593857
3/20/2020,6198.77832,132.737167
3/21/2020,6185.066406,132.81871
3/22/2020,5830.254883,123.321152
3/23/2020,6416.314941,134.911606
3/24/2020,6734.803711,138.761444
3/25/2020,6681.062988,136.195892
3/26/2020,6716.44043,138.361557
3/27/2020,6469.79834,133.937943
3/28/2020,6242.193848,130.986496
3/29/2020,5922.042969,125.583733
3/30/2020,6429.841797,132.904541
3/31/2020,6438.644531,133.593567
4/1/2020,6606.776367,135.634552
4/2/2020,6793.624512,142.029144
4/3/2020,6733.387207,142.091309
4/4/2020,6867.527344,145.219391
4/5/2020,6791.129395,143.546646
4/6/2020,7271.78125,169.13588
4/7/2020,7176.414551,165.101944
4/8/2020,7334.098633,172.641739
4/9/2020,7302.089355,170.807144
4/10/2020,6865.493164,158.412445
4/11/2020,6859.083008,158.216019
4/12/2020,6971.091797,161.142426
4/13/2020,6845.037598,156.279556
4/14/2020,6842.427734,157.59639
4/15/2020,6642.109863,153.286896
4/16/2020,7116.804199,172.157379
4/17/2020,7096.18457,171.63858
4/18/2020,7257.665039,186.914001
4/19/2020,7189.424805,181.61496
4/20/2020,6881.958496,172.297165
4/21/2020,6880.323242,172.737701
4/22/2020,7117.20752,182.599579
4/23/2020,7429.724609,185.028671
4/24/2020,7550.900879,189.236938
4/25/2020,7569.936035,195.515305
4/26/2020,7679.867188,197.317535
4/27/2020,7795.601074,197.224716
4/28/2020,7807.058594,198.41539
4/29/2020,8801.038086,216.968231
4/30/2020,8658.553711,207.602051
5/1/2020,8864.766602,214.219101
5/2/2020,8988.59668,215.325378
5/3/2020,8897.46875,210.933151
5/4/2020,8912.654297,208.174011
5/5/2020,9003.070313,206.774399
5/6/2020,9268.761719,204.055786
5/7/2020,9951.518555,212.289413
5/8/2020,9842.666016,212.991577
5/9/2020,9593.896484,211.600128
5/10/2020,8756.430664,188.599564
5/11/2020,8601.795898,185.912842
5/12/2020,8804.477539,189.3125
5/13/2020,9269.987305,199.193283
5/14/2020,9733.72168,202.949097
5/15/2020,9328.197266,195.622665
5/16/2020,9377.013672,200.677124
5/17/2020,9670.739258,207.158691
5/18/2020,9726.575195,214.525055
5/19/2020,9729.038086,213.451111
5/20/2020,9522.981445,210.096741
5/21/2020,9081.761719,199.883606
5/22/2020,9182.577148,207.169189
5/23/2020,9209.287109,208.694397
5/24/2020,8790.368164,202.370346
5/25/2020,8906.93457,205.319748
5/26/2020,8835.052734,201.902313
5/27/2020,9181.017578,208.863434
5/28/2020,9525.750977,219.840424
5/29/2020,9439.124023,220.675125
5/30/2020,9700.414063,242.345596
5/31/2020,9461.058594,230.975708
6/1/2020,10167.26856,246.99176
6/2/2020,9529.803711,237.219055
6/3/2020,9656.717773,244.179321
6/4/2020,9800.636719,244.426392
6/5/2020,9665.533203,241.221985
6/6/2020,9653.679688,241.93132
6/7/2020,9758.852539,245.167252
6/8/2020,9771.489258,246.309906
6/9/2020,9795.700195,244.911453
6/10/2020,9870.094727,247.444946
6/11/2020,9321.78125,231.702667
6/12/2020,9480.84375,237.49321
6/13/2020,9475.277344,238.908844
6/14/2020,9386.788086,234.1147
6/15/2020,9450.702148,229.928909
6/16/2020,9538.024414,234.416168
6/17/2020,9480.254883,233.028275
6/18/2020,9411.84082,232.101166
6/19/2020,9288.018555,227.13829
6/20/2020,9332.34082,229.274261
6/21/2020,9303.629883,228.989822
6/22/2020,9648.717773,242.533188
6/23/2020,9629.658203,244.142151
6/24/2020,9313.610352,235.772461
6/25/2020,9264.813477,232.944489
6/26/2020,9162.917969,229.668045
6/27/2020,9045.390625,222.959793
6/28/2020,9143.582031,225.347168
6/29/2020,9190.854492,228.19487
6/30/2020,9137.993164,226.315002
7/1/2020,9228.325195,231.113419
7/2/2020,9123.410156,229.392197
7/3/2020,9087.303711,225.38707
7/4/2020,9132.488281,229.074112
7/5/2020,9073.942383,227.664597
7/6/2020,9375.474609,241.510223
7/7/2020,9252.277344,239.075531
7/8/2020,9428.333008,246.670013
7/9/2020,9277.967773,243.015961
7/10/2020,9278.807617,240.984985
7/11/2020,9240.34668,239.458176
7/12/2020,9276.5,242.131699
7/13/2020,9243.614258,239.604584
7/14/2020,9243.213867,240.211487
7/15/2020,9192.836914,238.423523
7/16/2020,9132.227539,233.640884
7/17/2020,9151.392578,232.773087
7/18/2020,9159.040039,235.48381
7/19/2020,9185.817383,238.487518
7/20/2020,9164.231445,236.153168
7/21/2020,9374.887695,245.016724
7/22/2020,9525.363281,262.190643
7/23/2020,9581.072266,274.689056
7/24/2020,9536.892578,279.215424
7/25/2020,9677.113281,304.056763
7/26/2020,9905.166992,309.643616
7/27/2020,10990.87305,321.514099
7/28/2020,10912.82324,316.657257
7/29/2020,11100.46777,318.190887
7/30/2020,11111.21387,334.586639
7/31/2020,11323.4668,345.554657
8/1/2020,11759.59277,385.199707
8/2/2020,11053.61426,370.671722
8/3/2020,11246.34863,386.295166
8/4/2020,11205.89258,389.875488
8/5/2020,11747.02246,401.590576
8/6/2020,11779.77344,394.961945
8/7/2020,11601.47266,379.512848
8/8/2020,11754.0459,393.987366
8/9/2020,11675.73926,391.120453
8/10/2020,11878.11133,395.887573
8/11/2020,11410.52539,380.384064
8/12/2020,11584.93457,391.02417
8/13/2020,11784.1377,428.741791
8/14/2020,11768.87109,437.397827
8/15/2020,11865.69824,433.354919
8/16/2020,11892.80371,433.786621
8/17/2020,12254.40234,429.53125
8/18/2020,11991.2334,423.669312
8/19/2020,11758.2832,406.463776
8/20/2020,11878.37207,416.439789
8/21/2020,11592.48926,389.126343
8/22/2020,11681.8252,395.835144
8/23/2020,11664.84766,391.384491
8/24/2020,11774.5957,408.144196
8/25/2020,11366.13477,384.001038
8/26/2020,11488.36328,386.466125
8/27/2020,11323.39746,382.632629
8/28/2020,11542.5,395.874664
8/29/2020,11506.86523,399.921478
8/30/2020,11711.50586,428.395721
8/31/2020,11680.82031,435.079742
9/1/2020,11970.47852,477.05191
9/2/2020,11414.03418,440.040497
9/3/2020,10245.29688,385.671936
9/4/2020,10511.81348,388.24115
9/5/2020,10169.56738,335.260071
9/6/2020,10280.35156,353.362274
9/7/2020,10369.56348,352.673492
9/8/2020,10131.5166,337.602112
9/9/2020,10242.34766,351.110016
9/10/2020,10363.13867,368.101898
9/11/2020,10400.91504,374.695587
9/12/2020,10442.1709,387.183105
9/13/2020,10323.75586,365.570007
9/14/2020,10680.83789,377.26886
9/15/2020,10796.95117,364.839203
9/16/2020,10974.90527,365.812286
9/17/2020,10948.99023,389.019226
9/18/2020,10944.58594,384.364532
9/19/2020,11094.34668,385.544373
9/20/2020,10938.27148,371.052826
9/21/2020,10462.25977,341.786072
9/22/2020,10538.45996,344.503174
9/23/2020,10246.18652,321.116302
9/24/2020,10760.06641,349.355591
9/25/2020,10692.7168,352.183258
9/26/2020,10750.72363,355.488098
9/27/2020,10775.26953,357.438507
9/28/2020,10709.65234,355.159424
9/29/2020,10844.64063,359.757385
9/30/2020,10784.49121,359.937866
10/1/2020,10619.45215,353.205902
10/2/2020,10575.97461,346.238922
10/3/2020,10549.3291,346.522095
10/4/2020,10669.58301,352.57901
10/5/2020,10793.33984,353.956787
10/6/2020,10604.40625,340.815857
10/7/2020,10668.96875,341.808655
10/8/2020,10915.68555,350.766144
10/9/2020,11064.45801,365.590485
10/10/2020,11296.36133,370.96759
10/11/2020,11384.18164,375.142059
10/12/2020,11555.36328,387.731262
10/13/2020,11425.89941,381.190765
10/14/2020,11429.50684,379.484039
10/15/2020,11495.34961,377.441833
10/16/2020,11322.12305,366.229004
10/17/2020,11358.10156,368.855927
10/18/2020,11483.35938,378.213684
10/19/2020,11742.03711,379.935608
10/20/2020,11916.33496,369.136902
10/21/2020,12823.68945,392.189972
10/22/2020,12965.8916,413.77298
10/23/2020,12931.53906,409.766693
10/24/2020,13108.0625,412.457611
10/25/2020,13031.17383,406.217773
10/26/2020,13075.24805,393.888306
10/27/2020,13654.21875,403.99704
10/28/2020,13271.28516,388.650757
10/29/2020,13437.88281,386.730103
10/30/2020,13546.52246,382.819977
10/31/2020,13780.99512,386.590332
11/1/2020,13737.10938,396.358185
11/2/2020,13550.48926,383.156738
11/3/2020,13950.30078,387.602173
11/4/2020,14133.70703,402.141998
11/5/2020,15579.84863,414.067352
11/6/2020,15565.88086,454.719299
11/7/2020,14833.75391,435.713135
11/8/2020,15479.56738,453.554779
11/9/2020,15332.31543,444.163055
11/10/2020,15290.90234,449.679626
11/11/2020,15701.33984,462.960541
11/12/2020,16276.34375,461.00528
11/13/2020,16317.80859,474.626434
11/14/2020,16068.13867,460.149841
11/15/2020,15955.58789,447.559082
11/16/2020,16716.11133,459.940308
11/17/2020,17645.40625,480.360077
11/18/2020,17804.00586,479.48407
11/19/2020,17817.08984,471.630432
11/20/2020,18621.31445,509.744568
11/21/2020,18642.23242,549.486633
11/22/2020,18370.00195,558.068115
11/23/2020,18364.12109,608.454041
11/24/2020,19107.46484,603.897766
11/25/2020,18732.12109,570.686646
11/26/2020,17150.62305,518.801147
11/27/2020,17108.40234,517.493713
11/28/2020,17717.41406,538.229797
11/29/2020,18177.48438,575.758057
11/30/2020,19625.83594,614.842529
12/1/2020,18802.99805,587.324158
12/2/2020,19201.0918,598.352356
12/3/2020,19445.39844,616.70874
12/4/2020,18699.76563,569.354187
12/5/2020,19154.23047,596.595459
12/6/2020,19345.12109,601.908997
12/7/2020,19191.63086,591.843384
12/8/2020,18321.14453,554.827759
12/9/2020,18553.91602,573.479126
12/10/2020,18264.99219,559.678528
12/11/2020,18058.9043,545.797363
12/12/2020,18803.65625,568.567322
12/13/2020,19142.38281,589.663208
12/14/2020,19246.64453,586.011169
12/15/2020,19417.07617,589.355591
12/16/2020,21310.59766,636.181824
12/17/2020,22805.16211,642.868958
12/18/2020,23137.96094,654.811951
12/19/2020,23869.83203,659.297913
12/20/2020,23477.29492,638.290833
12/21/2020,22803.08203,609.817871
12/22/2020,23783.0293,634.854187
12/23/2020,23241.3457,583.7146
12/24/2020,23735.94922,611.607178
12/25/2020,24664.79102,626.410706
12/26/2020,26437.03711,635.835815
12/27/2020,26272.29492,682.642334
12/28/2020,27084.80859,730.397339
12/29/2020,27362.4375,731.520142
12/30/2020,28840.95313,751.618958
12/31/2020,29001.7207,737.803406
1/1/2021,29374.15234,730.367554
1/2/2021,32127.26758,774.534973
1/3/2021,32782.02344,975.50769
1/4/2021,31971.91406,1040.233032
1/5/2021,33992.42969,1100.006104
1/6/2021,36824.36328,1207.112183
1/7/2021,39371.04297,1225.678101
1/8/2021,40797.60938,1224.197144
1/9/2021,40254.54688,1281.077271
1/10/2021,38356.44141,1262.246704
1/11/2021,35566.65625,1090.145386
1/12/2021,33922.96094,1043.43457
1/13/2021,37316.35938,1130.73938
1/14/2021,39187.32813,1218.453003
1/15/2021,36825.36719,1171.834595
1/16/2021,36178.14063,1233.537598
1/17/2021,35791.27734,1230.172241
1/18/2021,36630.07422,1257.279541
1/19/2021,36069.80469,1377.295898
1/20/2021,35547.75,1382.274048
1/21/2021,30825.69922,1121.570923
1/22/2021,33005.76172,1236.512207
1/23/2021,32067.64258,1230.990601
1/24/2021,32289.37891,1391.609375
1/25/2021,32366.39258,1324.414795
1/26/2021,32569.84961,1357.058105
1/27/2021,30432.54688,1253.187134
1/28/2021,33466.09766,1332.492188
1/29/2021,34316.38672,1382.522827
1/30/2021,34269.52344,1376.115479
1/31/2021,33114.35938,1314.986206
2/1/2021,33537.17578,1369.040527
2/2/2021,35510.28906,1515.193726
2/3/2021,37472.08984,1660.909546
2/4/2021,36926.06641,1594.762695
2/5/2021,38144.30859,1718.650879
2/6/2021,39266.01172,1677.846802
2/7/2021,38903.44141,1614.227783
2/8/2021,46196.46484,1746.616821
2/9/2021,46481.10547,1768.035034
2/10/2021,44918.18359,1744.243408
2/11/2021,47909.33203,1783.797974
2/12/2021,47504.85156,1843.532593
2/13/2021,47105.51563,1814.109863
2/14/2021,48717.28906,1805.084106
2/15/2021,47945.05859,1779.791016
2/16/2021,49199.87109,1781.067505
2/17/2021,52149.00781,1848.458252
2/18/2021,51679.79688,1937.449219
2/19/2021,55888.13281,1960.164795
2/20/2021,56099.51953,1919.534058
2/21/2021,57539.94531,1935.601074
2/22/2021,54207.32031,1781.99292
2/23/2021,48824.42578,1570.203979
2/24/2021,49705.33203,1626.575684
2/25/2021,47093.85156,1475.703735
2/26/2021,46339.76172,1446.033691
2/27/2021,46188.45313,1459.973145
2/28/2021,45137.76953,1416.04895
3/1/2021,49631.24219,1564.707642
3/2/2021,48378.98828,1492.608765
3/3/2021,50538.24219,1575.853149
3/4/2021,48561.16797,1541.914307
3/5/2021,48927.30469,1533.275024
3/6/2021,48912.38281,1654.741577
3/7/2021,51206.69141,1723.153809
3/8/2021,52246.52344,1834.727905
3/9/2021,54824.11719,1868.048828
3/10/2021,56008.55078,1799.16626
3/11/2021,57805.12109,1826.194946
3/12/2021,57332.08984,1772.102417
3/13/2021,61243.08594,1924.685425
3/14/2021,59302.31641,1854.564331
3/15/2021,55907.19922,1791.702271
3/16/2021,56804.90234,1806.971802
3/17/2021,58870.89453,1823.449341
3/18/2021,57858.92188,1782.855103
3/19/2021,58346.65234,1817.624146
3/20/2021,58313.64453,1812.634644
3/21/2021,57523.42188,1788.217041
3/22/2021,54529.14453,1691.333984
3/23/2021,54738.94531,1678.650146
3/24/2021,52774.26563,1593.413452
3/25/2021,51704.16016,1595.359253
3/26/2021,55137.3125,1702.842041
3/27/2021,55973.51172,1716.494629
3/28/2021,55950.74609,1691.355957
3/29/2021,57750.19922,1819.684937
3/30/2021,58917.69141,1846.033691
3/31/2021,58918.83203,1918.362061
4/1/2021,59095.80859,1977.276855
4/2/2021,59384.3125,2143.225586
4/3/2021,57603.89063,2028.422485
4/4/2021,58758.55469,2093.122803
4/5/2021,59057.87891,2107.887207
4/6/2021,58192.35938,2118.378906
4/7/2021,56048.9375,1971.077271
4/8/2021,58323.95313,2088.57373
4/9/2021,58245.00391,2072.108887
4/10/2021,59793.23438,2135.942139
4/11/2021,60204.96484,2157.656982
4/12/2021,59893.45313,2139.353271
4/13/2021,63503.45703,2299.187744
4/14/2021,63109.69531,2435.10498
4/15/2021,63314.01172,2519.116211
4/16/2021,61572.78906,2431.946533
4/17/2021,60683.82031,2344.89502
4/18/2021,56216.18359,2237.136963
4/19/2021,55724.26563,2166.188721
4/20/2021,56473.03125,2330.210938
4/21/2021,53906.08984,2364.751709
4/22/2021,51762.27344,2403.535156
4/23/2021,51093.65234,2363.586182
4/24/2021,50050.86719,2211.625732
4/25/2021,49004.25391,2316.05957
4/26/2021,54021.75391,2534.481689
4/27/2021,55033.11719,2662.865234
4/28/2021,54824.70313,2746.380127
4/29/2021,53555.10938,2756.876953
4/30/2021,57750.17578,2773.207031
5/1/2021,57828.05078,2945.892822
5/2/2021,56631.07813,2952.056152
5/3/2021,57200.29297,3431.086182
5/4/2021,53333.53906,3253.629395
5/5/2021,57424.00781,3522.783203
5/6/2021,56396.51563,3490.880371
5/7/2021,57356.40234,3484.729004
5/8/2021,58803.77734,3902.647705
5/9/2021,58232.31641,3928.844727
5/10/2021,55859.79688,3952.293945
5/11/2021,56704.57422,4168.701172
5/12/2021,49150.53516,3785.848633
5/13/2021,49716.19141,3715.148438
5/14/2021,49880.53516,4079.057373
5/15/2021,46760.1875,3638.12207
5/16/2021,46456.05859,3587.506104
5/17/2021,43537.51172,3282.397705
5/18/2021,42909.40234,3380.070068
5/19/2021,37002.44141,2460.679199
5/20/2021,40782.73828,2784.294189
5/21/2021,37304.69141,2430.621338
5/22/2021,37536.63281,2295.705566
5/23/2021,34770.58203,2109.579834
5/24/2021,38705.98047,2643.591064
5/25/2021,38402.22266,2706.628906
5/26/2021,39294.19922,2888.69873
5/27/2021,38436.96875,2736.488525
5/28/2021,35697.60547,2419.90625
5/29/2021,34616.06641,2279.51416
5/30/2021,35678.12891,2390.30542
5/31/2021,37332.85547,2714.945313
6/1/2021,36684.92578,2633.518311
6/2/2021,37575.17969,2706.125
6/3/2021,39208.76563,2855.126465
6/4/2021,36894.40625,2688.195068
6/5/2021,35551.95703,2630.576904
6/6/2021,35862.37891,2715.092773
6/7/2021,33560.70703,2590.263184
6/8/2021,33472.63281,2517.438721
6/9/2021,37345.12109,2608.26709
6/10/2021,36702.59766,2471.518555
6/11/2021,37334.39844,2353.768799
6/12/2021,35552.51563,2372.484375
6/13/2021,39097.85938,2508.391602
6/14/2021,40218.47656,2537.891113
6/15/2021,40406.26953,2610.936768
6/16/2021,38347.0625,2367.663574
6/17/2021,38053.50391,2372.001953
6/18/2021,35787.24609,2231.733154
6/19/2021,35615.87109,2178.499023
6/20/2021,35698.29688,2246.364502
6/21/2021,31676.69336,1888.44751
6/22/2021,32505.66016,1874.950073
6/23/2021,33723.02734,1989.736328
6/24/2021,34662.4375,1988.456299
6/25/2021,31637.7793,1813.217285
6/26/2021,32186.27734,1829.239258
6/27/2021,34649.64453,1978.894653
6/28/2021,34434.33594,2079.657471
6/29/2021,35867.77734,2160.768311
6/30/2021,35040.83594,2274.547607
7/1/2021,33572.11719,2113.605469
7/2/2021,33897.04688,2150.040283
7/3/2021,34668.54688,2226.114258
7/4/2021,35287.78125,2321.724121
7/5/2021,33746.00391,2198.58252
7/6/2021,34235.19531,2324.679443
7/7/2021,33855.32813,2315.161865
7/8/2021,32877.37109,2120.026367
7/9/2021,33798.01172,2146.692383
7/10/2021,33520.51953,2111.403564
7/11/2021,34240.1875,2139.664795
7/12/2021,33155.84766,2036.721069
7/13/2021,32702.02539,1940.083984
7/14/2021,32822.34766,1994.331299
7/15/2021,31780.73047,1911.175659
7/16/2021,31421.53906,1880.382935
7/17/2021,31533.06836,1898.825195
7/18/2021,31796.81055,1895.552124
7/19/2021,30817.83203,1817.296631
7/20/2021,29807.34766,1787.510742
7/21/2021,32110.69336,1990.970825
7/22/2021,32313.10547,2025.202759
7/23/2021,33581.55078,2124.776611
7/24/2021,34292.44531,2189.21875
7/25/2021,35350.1875,2191.373779
7/26/2021,37337.53516,2233.366699
7/27/2021,39406.94141,2298.333496
7/28/2021,39995.90625,2296.54541
7/29/2021,40008.42188,2380.956787
7/30/2021,42235.54688,2466.961426
7/31/2021,41626.19531,2536.209961
8/1/2021,39974.89453,2561.852051
8/2/2021,39201.94531,2610.15332
8/3/2021,38152.98047,2502.349609
8/4/2021,39747.50391,2724.619873
8/5/2021,40869.55469,2827.328857
8/6/2021,42816.5,2890.94165
8/7/2021,44555.80078,3157.23877
8/8/2021,43798.11719,3013.732666
8/9/2021,46365.40234,3167.856201
8/10/2021,45585.03125,3141.691162
8/11/2021,45593.63672,3164.245117
8/12/2021,44428.28906,3043.414307
8/13/2021,47793.32031,3322.21167
8/14/2021,47096.94531,3265.443359
8/15/2021,47047.00391,3310.50415
8/16/2021,46004.48438,3156.509521
8/17/2021,44695.35938,3014.845947
8/18/2021,44801.1875,3020.089844
8/19/2021,46717.57813,3182.702148
8/20/2021,49339.17578,3286.935303
8/21/2021,48905.49219,3226.083984
8/22/2021,49321.65234,3242.115479
8/23/2021,49546.14844,3319.257324
8/24/2021,47706.11719,3172.456299
8/25/2021,48960.78906,3224.915283
8/26/2021,46942.21875,3100.325439
8/27/2021,49058.66797,3270.60083
8/28/2021,48902.40234,3244.40332
8/29/2021,48829.83203,3227.002686
8/30/2021,47054.98438,3224.374268
8/31/2021,47166.6875,3433.732666
9/1/2021,48847.02734,3834.828125
9/2/2021,49327.72266,3790.98999
9/3/2021,50025.375,3940.614746
9/4/2021,49944.625,3887.828369
9/5/2021,51753.41016,3952.133545
9/6/2021,52633.53516,3928.379395
9/7/2021,46811.12891,3426.394287
9/8/2021,46091.39063,3497.315186
9/9/2021,46391.42188,3427.340088
9/10/2021,44883.91016,3211.505859
9/11/2021,45201.45703,3270.278076
9/12/2021,46063.26953,3410.134521
9/13/2021,44963.07422,3285.511719
9/14/2021,47092.49219,3429.169678
9/15/2021,48176.34766,3615.282715
9/16/2021,47783.35938,3571.294922
9/17/2021,47267.51953,3398.538818
9/18/2021,48278.36328,3432.018311
9/19/2021,47260.21875,3329.447998
9/20/2021,42843.80078,2958.993408
9/21/2021,40693.67578,2764.431152
9/22/2021,43574.50781,3077.86792
9/23/2021,44895.09766,3155.523682
9/24/2021,42839.75,2931.669189
9/25/2021,42716.59375,2925.565674
9/26/2021,43208.53906,3062.265381
9/27/2021,42235.73047,2934.138916
9/28/2021,41034.54297,2807.296631
9/29/2021,41564.36328,2853.143311
9/30/2021,43790.89453,3001.678955
10/1/2021,48116.94141,3307.516113
10/2/2021,47711.48828,3391.694336
10/3/2021,48199.95313,3418.358643
10/4/2021,49112.90234,3380.089111
10/5/2021,51514.8125,3518.518555
10/6/2021,55361.44922,3580.562012
10/7/2021,53805.98438,3587.974854
10/8/2021,53967.84766,3563.759277
10/9/2021,54968.22266,3575.716797
10/10/2021,54771.57813,3425.852783
10/11/2021,57484.78906,3545.354004
10/12/2021,56041.05859,3492.573242
10/13/2021,57401.09766,3606.20166
10/14/2021,57321.52344,3786.01416
10/15/2021,61593.94922,3862.634766
10/16/2021,60892.17969,3830.38208
10/17/2021,61553.61719,3847.104492
10/18/2021,62026.07813,3748.760254
10/19/2021,64261.99219,3877.650879
10/20/2021,65992.83594,4155.992188
10/21/2021,62210.17188,4054.322754
10/22/2021,60692.26563,3970.181885
10/23/2021,61393.61719,4171.663574
10/24/2021,60930.83594,4087.903076
10/25/2021,63039.82422,4217.876953
10/26/2021,60363.79297,4131.102051
10/27/2021,58482.38672,3930.257324
10/28/2021,60622.13672,4287.318848
10/29/2021,62227.96484,4414.746582
10/30/2021,61888.83203,4325.650391
10/31/2021,61318.95703,4288.074219
11/1/2021,61004.40625,4324.626953
11/2/2021,63226.40234,4584.798828
11/3/2021,62970.04688,4607.193848
11/4/2021,61452.23047,4537.324219
11/5/2021,61125.67578,4486.243164
11/6/2021,61527.48047,4521.581055
11/7/2021,63326.98828,4620.554688
11/8/2021,67566.82813,4812.087402
11/9/2021,66971.82813,4735.068848
11/10/2021,64995.23047,4636.174316
11/11/2021,64949.96094,4730.384277
11/12/2021,64155.94141,4667.115234
11/13/2021,64469.52734,4651.460449
11/14/2021,65466.83984,4626.358887
11/15/2021,63557.87109,4557.503906
11/16/2021,60161.24609,4216.365234
11/17/2021,60368.01172,4287.59375
11/18/2021,56942.13672,4000.650879
11/19/2021,58119.57813,4298.306641
11/20/2021,59697.19531,4409.931152
11/21/2021,58730.47656,4269.73291
11/22/2021,56289.28906,4088.457764
11/23/2021,57569.07422,4340.763672
11/24/2021,56280.42578,4239.981445
11/25/2021,57274.67969,4274.743164
11/26/2021,53569.76563,4030.908936
11/27/2021,54815.07813,4096.912109
11/28/2021,57248.45703,4294.453613
11/29/2021,57806.56641,4445.10498
11/30/2021,57005.42578,4631.479004
12/1/2021,57229.82813,4586.990234
12/2/2021,56477.81641,4511.302246
12/3/2021,53598.24609,4220.706055
12/4/2021,49200.70313,4119.587402
12/5/2021,49368.84766,4198.322754
12/6/2021,50582.625,4358.737305
12/7/2021,50700.08594,4315.061523
12/8/2021,50504.79688,4439.35791
12/9/2021,47672.12109,4119.815918
12/10/2021,47243.30469,3908.496094
12/11/2021,49362.50781,4084.452393
12/12/2021,50098.33594,4134.453125
12/13/2021,46737.48047,3784.226807
12/14/2021,46612.63281,3745.44043
12/15/2021,48896.72266,4018.388672
12/16/2021,47665.42578,3962.469727
12/17/2021,46202.14453,3879.486572
12/18/2021,46848.77734,3960.860107
12/19/2021,46707.01563,3922.592529
12/20/2021,46880.27734,3933.844482
12/21/2021,48936.61328,4020.26001
12/22/2021,48628.51172,3982.099609
12/23/2021,50784.53906,4108.015625
12/24/2021,50822.19531,4047.98291
12/25/2021,50429.85938,4093.281006
12/26/2021,50809.51563,4067.328125
12/27/2021,50640.41797,4037.547607
12/28/2021,47588.85547,3800.893066
12/29/2021,46444.71094,3628.531738
12/30/2021,47178.125,3713.852051
12/31/2021,46306.44531,3682.632813
1/1/2022,47686.8125,3769.697021
1/2/2022,47345.21875,3829.564941
1/3/2022,46458.11719,3761.380371
1/4/2022,45897.57422,3794.056641
1/5/2022,43569.00391,3550.386963
1/6/2022,43160.92969,3418.408203
1/7/2022,41557.90234,3193.210449
1/8/2022,41733.94141,3091.972656
1/9/2022,41911.60156,3157.751465
1/10/2022,41821.26172,3083.0979
1/11/2022,42735.85547,3238.111572
1/12/2022,43949.10156,3372.258301
1/13/2022,42591.57031,3248.288574
1/14/2022,43099.69922,3310.001465
1/15/2022,43177.39844,3330.530762
1/16/2022,43113.87891,3350.921875
1/17/2022,42250.55078,3212.304932
1/18/2022,42375.63281,3164.025146
1/19/2022,41744.32813,3095.825928
1/20/2022,40680.41797,3001.120117
1/21/2022,36457.31641,2557.931641
1/22/2022,35030.25,2405.181152
1/23/2022,36276.80469,2535.039063
1/24/2022,36654.32813,2440.352295
1/25/2022,36954.00391,2455.935059
1/26/2022,36852.12109,2468.030273
1/27/2022,37138.23438,2423.001221
1/28/2022,37784.33203,2547.092041
1/29/2022,38138.17969,2597.084717
1/30/2022,37917.60156,2603.466553
1/31/2022,38483.125,2688.278809
2/1/2022,38743.27344,2792.117188
2/2/2022,36952.98438,2682.854004
2/3/2022,37154.60156,2679.162598
2/4/2022,41500.875,2983.586914
2/5/2022,41441.16406,3014.648193
2/6/2022,42412.43359,3057.476074
2/7/2022,43840.28516,3142.470703
2/8/2022,44118.44531,3122.608643
2/9/2022,44338.79688,3239.457031
2/10/2022,43565.11328,3077.482178
2/11/2022,42407.9375,2927.383545
2/12/2022,42244.46875,2917.362793
2/13/2022,42197.51563,2883.463379
2/14/2022,42586.91797,2933.479004
2/15/2022,44575.20313,3179.877197
2/16/2022,43961.85938,3127.830078
2/17/2022,40538.01172,2881.481934
2/18/2022,40030.97656,2785.727539
2/19/2022,40122.15625,2763.701172
2/20/2022,38431.37891,2628.648438
2/21/2022,37075.28125,2573.816162
2/22/2022,38286.02734,2639.299316
2/23/2022,37296.57031,2590.359619
2/24/2022,38332.60938,2598.067139
2/25/2022,39214.21875,2764.535645
2/26/2022,39105.14844,2781.111816
2/27/2022,37709.78516,2621.801758
2/28/2022,43193.23438,2919.201172
3/1/2022,44354.63672,2972.485107
3/2/2022,43924.11719,2950.118408
3/3/2022,42451.78906,2834.468994
3/4/2022,39137.60547,2617.156006
3/5/2022,39400.58594,2664.831055
3/6/2022,38419.98438,2555.037354
3/7/2022,38062.03906,2497.77124
3/8/2022,38737.26953,2576.747559
3/9/2022,41982.92578,2729.783447
3/10/2022,39437.46094,2608.048584
3/11/2022,38794.97266,2559.562988
3/12/2022,38904.01172,2574.75415
3/13/2022,37849.66406,2518.94458
3/14/2022,39666.75391,2590.696045
3/15/2022,39338.78516,2620.149658
3/16/2022,41143.92969,2772.055664
3/17/2022,40951.37891,2814.854492
3/18/2022,41801.15625,2945.343018
3/19/2022,42190.65234,2946.25708
3/20/2022,41247.82422,2860.459229
3/21/2022,41077.99609,2897.976563
3/22/2022,42358.80859,2973.131104
3/23/2022,42892.95703,3031.067139
3/24/2022,43960.93359,3108.062012
3/25/2022,44348.73047,3106.671387
3/26/2022,44500.82813,3143.178955
3/27/2022,46820.49219,3291.577637
3/28/2022,47128.00391,3336.634521
3/29/2022,47465.73047,3401.987793
3/30/2022,47062.66406,3385.157959
3/31/2022,45538.67578,3281.642822
4/1/2022,46281.64453,3449.552246
4/2/2022,45868.94922,3445.059326
4/3/2022,46453.56641,3522.833496
4/4/2022,46622.67578,3521.241211
4/5/2022,45555.99219,3411.79248
4/6/2022,43206.73828,3171.691895
4/7/2022,43503.84766,3233.274658
4/8/2022,42287.66406,3192.073975
4/9/2022,42782.13672,3261.91626
4/10/2022,42207.67188,3211.866943
4/11/2022,39521.90234,2981.052246
4/12/2022,40127.18359,3030.376465
4/13/2022,41166.73047,3118.344238
4/14/2022,39935.51563,3019.909424
4/15/2022,40553.46484,3040.916504
4/16/2022,40424.48438,3062.310303
4/17/2022,39716.95313,2993.40332
4/18/2022,40826.21484,3057.606689
4/19/2022,41502.75,3104.106445
4/20/2022,41374.37891,3077.74585
4/21/2022,40527.36328,2987.480713
4/22/2022,39740.32031,2964.835693
4/23/2022,39486.73047,2938.114014
4/24/2022,39469.29297,2922.732666
4/25/2022,40458.30859,3009.393555
4/26/2022,38117.46094,2808.29834
4/27/2022,39241.12109,2888.929688
4/28/2022,39773.82813,2936.940918
4/29/2022,38609.82422,2815.601807
4/30/2022,37714.875,2730.186768
5/1/2022,38469.09375,2827.756104
5/2/2022,38529.32813,2857.4104
5/3/2022,37750.45313,2783.476318
5/4/2022,39698.37109,2940.644775
5/5/2022,36575.14063,2749.213135
5/6/2022,36040.92188,2694.979736
5/7/2022,35501.95313,2636.093018
5/8/2022,34059.26563,2517.459961
5/9/2022,30296.95313,2245.43042
5/10/2022,31022.90625,2343.510986
5/11/2022,28936.35547,2072.108643
5/12/2022,29047.75195,1961.701538
5/13/2022,29283.10352,2014.418213
5/14/2022,30101.26563,2056.273926
5/15/2022,31305.11328,2145.706787
5/16/2022,29862.91797,2022.725952
5/17/2022,30425.85742,2090.40918
5/18/2022,28720.27148,1916.656128
5/19/2022,30314.33398,2018.336182
5/20/2022,29200.74023,1961.315674
5/21/2022,29432.22656,1974.518311
5/22/2022,30323.72266,2043.170166
5/23/2022,29098.91016,1972.181885
5/24/2022,29655.58594,1978.982788
5/25/2022,29562.36133,1944.827881
5/26/2022,29267.22461,1803.91333
5/27/2022,28627.57422,1724.922852
5/28/2022,28814.90039,1757.941772
5/29/2022,29445.95703,1812.031006
5/30/2022,31726.39063,1996.441284
5/31/2022,31792.31055,1942.328003
6/1/2022,29799.08008,1823.569336
6/2/2022,30467.48828,1834.150513
6/3/2022,29704.39063,1775.078613
6/4/2022,29832.91406,1801.609497
6/5/2022,29906.66211,1805.204956
6/6/2022,31370.67188,1859.289673
6/7/2022,31155.47852,1814.04834
6/8/2022,30214.35547,1793.572266
6/9/2022,30111.99805,1789.82605
6/10/2022,29083.80469,1665.042236
6/11/2022,28360.81055,1529.663452
6/12/2022,26762.64844,1445.216553
6/13/2022,22487.38867,1204.582764
6/14/2022,22206.79297,1211.662842
6/15/2022,22572.83984,1233.206421
6/16/2022,20381.65039,1067.730713
6/17/2022,20471.48242,1086.519287
6/18/2022,19017.64258,993.63678
6/19/2022,20553.27148,1127.656494
6/20/2022,20599.53711,1127.642456
6/21/2022,20710.59766,1124.824585
6/22/2022,19987.0293,1051.421875
6/23/2022,21085.87695,1143.386719
6/24/2022,21231.65625,1226.844727
6/25/2022,21502.33789,1243.446899
6/26/2022,21027.29492,1199.831665
6/27/2022,20735.47852,1193.680664
6/28/2022,20280.63477,1144.579224
6/29/2022,20104.02344,1098.943848
6/30/2022,19784.72656,1067.298828
7/1/2022,19269.36719,1059.767334
7/2/2022,19242.25586,1066.512817
7/3/2022,19297.07617,1073.766968
7/4/2022,20231.26172,1151.059082
7/5/2022,20190.11523,1134.541016
7/6/2022,20548.24609,1186.973999
7/7/2022,21637.58789,1237.593384
7/8/2022,21731.11719,1222.506226
7/9/2022,21592.20703,1216.978271
7/10/2022,20860.44922,1168.401611
7/11/2022,19970.55664,1097.236572
7/12/2022,19323.91406,1038.19165
7/13/2022,20212.07422,1113.587158
7/14/2022,20569.91992,1191.526245
7/15/2022,20836.32813,1233.12915
7/16/2022,21190.31641,1352.626465
7/17/2022,20779.34375,1338.635742
7/18/2022,22485.68945,1578.717896
7/19/2022,23389.43359,1542.97522
7/20/2022,23231.73242,1520.200684
7/21/2022,23164.62891,1576.749512
7/22/2022,22714.97852,1537.405151
7/23/2022,22465.47852,1549.297485
7/24/2022,22609.16406,1599.476685
7/25/2022,21361.70117,1445.383423
7/26/2022,21239.75391,1441.806763
7/27/2022,22930.54883,1636.232666
7/28/2022,23843.88672,1725.46814
7/29/2022,23804.63281,1727.406982
7/30/2022,23656.20703,1695.969482
7/31/2022,23336.89648,1681.517334
8/1/2022,23314.19922,1635.195801
8/2/2022,22978.11719,1632.945435
8/3/2022,22846.50781,1618.874512
8/4/2022,22630.95703,1608.205811
8/5/2022,23289.31445,1732.254639
8/6/2022,22961.2793,1691.658081
8/7/2022,23175.89063,1699.35083
8/8/2022,23809.48633,1775.516113
8/9/2022,23164.31836,1703.025024
8/10/2022,23947.64258,1851.742676
8/11/2022,23957.5293,1881.224121
8/12/2022,24402.81836,1957.24646
8/13/2022,24424.06836,1981.336548
8/14/2022,24319.33398,1936.802002
8/15/2022,24136.97266,1904.228149
8/16/2022,23883.29102,1878.139404
8/17/2022,23335.99805,1832.999634
8/18/2022,23212.73828,1847.007813
8/19/2022,20877.55273,1612.987305
8/20/2022,21166.06055,1577.003784
8/21/2022,21534.12109,1619.31897
8/22/2022,21398.9082,1622.505859
8/23/2022,21528.08789,1662.769897
8/24/2022,21395.01953,1657.059204
8/25/2022,21600.9043,1696.457031
8/26/2022,20260.01953,1507.782837
8/27/2022,20041.73828,1491.39502
8/28/2022,19616.81445,1430.547363
8/29/2022,20297.99414,1553.037354
8/30/2022,19796.80859,1523.838867
8/31/2022,20049.76367,1553.684937
9/1/2022,20127.14063,1586.176758
9/2/2022,19969.77148,1577.220459
9/3/2022,19832.08789,1556.872681
9/4/2022,19986.71289,1577.641602
9/5/2022,19812.37109,1617.183228
9/6/2022,18837.66797,1561.748535
9/7/2022,19290.32422,1629.906372
9/8/2022,19329.83398,1635.347656
9/9/2022,21381.15234,1719.085449
9/10/2022,21680.53906,1776.203735
9/11/2022,21769.25586,1761.800049
9/12/2022,22370.44922,1713.765259
9/13/2022,20296.70703,1580.787964
9/14/2022,20241.08984,1634.755005
9/15/2022,19701.21094,1471.693481
9/16/2022,19772.58398,1432.447754
9/17/2022,20127.57617,1469.741699
9/18/2022,19419.50586,1335.329102
9/19/2022,19544.12891,1377.541382
9/20/2022,18890.78906,1324.388184
9/21/2022,18547.40039,1252.607788
9/22/2022,19413.55078,1327.680176
9/23/2022,19297.63867,1328.259521
9/24/2022,18937.01172,1317.993286
9/25/2022,18802.09766,1294.216797
9/26/2022,19222.67188,1335.32019
9/27/2022,19110.54688,1330.127686
9/28/2022,19426.7207,1337.410889
9/29/2022,19573.05078,1335.652344
9/30/2022,19431.78906,1327.978638
10/1/2022,19312.0957,1311.644409
10/2/2022,19044.10742,1276.093506
10/3/2022,19623.58008,1323.439209
10/4/2022,20336.84375,1362.126587
10/5/2022,20160.7168,1352.837158
10/6/2022,19955.44336,1351.709473
10/7/2022,19546.84961,1332.516968
10/8/2022,19416.56836,1315.500488
10/9/2022,19446.42578,1322.604248
10/10/2022,19141.48438,1291.337646
10/11/2022,19051.41797,1279.575684
10/12/2022,19157.44531,1294.906372
10/13/2022,19382.9043,1288.123901
10/14/2022,19185.65625,1297.422119
10/15/2022,19067.63477,1274.871704
10/16/2022,19268.09375,1306.296631
10/17/2022,19550.75781,1331.713623
10/18/2022,19334.41602,1310.447021
10/19/2022,19139.53516,1285.744263
10/20/2022,19053.74023,1283.200928
10/21/2022,19172.46875,1299.946411
10/22/2022,19208.18945,1314.299194
10/23/2022,19567.00781,1363.447021
10/24/2022,19345.57227,1344.998535
10/25/2022,20095.85742,1461.665405
10/26/2022,20770.44141,1566.56665
10/27/2022,20285.83594,1514.374878
10/28/2022,20595.35156,1555.477905
10/29/2022,20818.47656,1619.698486
10/30/2022,20635.60352,1590.783325
10/31/2022,20495.77344,1572.714478
11/1/2022,20485.27344,1579.70459
11/2/2022,20159.50391,1519.711792
11/3/2022,20209.98828,1531.541748
11/4/2022,21147.23047,1645.093384
11/5/2022,21282.69141,1627.968018
11/6/2022,20926.48633,1572.234741
11/7/2022,20602.81641,1568.591309
11/8/2022,18541.27148,1332.835571
11/9/2022,15880.78027,1100.1698
11/10/2022,17586.77148,1299.4646
11/11/2022,17034.29297,1287.221069
11/12/2022,16799.18555,1255.268311
11/13/2022,16353.36523,1221.819214
11/14/2022,16618.19922,1241.604248
11/15/2022,16884.61328,1251.736206
11/16/2022,16669.43945,1215.602539
11/17/2022,16687.51758,1200.808594
11/18/2022,16697.77734,1212.300293
11/19/2022,16711.54688,1218.426758
11/20/2022,16291.83203,1142.466675
11/21/2022,15787.28418,1108.353027
11/22/2022,16189.76953,1135.173462
11/23/2022,16610.70703,1183.199585
11/24/2022,16604.46484,1203.983154
11/25/2022,16521.8418,1198.925903
11/26/2022,16464.28125,1205.897949
11/27/2022,16444.62695,1195.126953
11/28/2022,16217.32227,1170.086182
11/29/2022,16444.98242,1216.901245
11/30/2022,17168.56641,1295.688599
12/1/2022,16967.13281,1276.273926
12/2/2022,17088.66016,1294.303345
12/3/2022,16908.23633,1243.334839
12/4/2022,17130.48633,1280.256592
12/5/2022,16974.82617,1259.676758
12/6/2022,17089.50391,1271.653809
12/7/2022,16848.12695,1232.4375
12/8/2022,17233.47461,1281.116333
12/9/2022,17133.15234,1264.28479
12/10/2022,17128.72461,1266.384155
12/11/2022,17104.19336,1263.86853
12/12/2022,17206.4375,1274.619019
12/13/2022,17781.31836,1320.549194
12/14/2022,17815.65039,1309.328735
12/15/2022,17364.86523,1266.353882
12/16/2022,16647.48438,1168.259399
12/17/2022,16795.0918,1188.149536
12/18/2022,16757.97656,1184.71521
12/19/2022,16439.67969,1167.609863
12/20/2022,16906.30469,1217.703613
12/21/2022,16817.53516,1213.599976
12/22/2022,16830.3418,1218.182129
12/23/2022,16796.95313,1220.159424
12/24/2022,16847.75586,1221.14856
12/25/2022,16841.98633,1218.962036
12/26/2022,16919.80469,1226.974365
12/27/2022,16717.17383,1212.791626
12/28/2022,16552.57227,1189.986084
12/29/2022,16642.3418,1201.595337
12/30/2022,16602.58594,1199.232788
12/31/2022,16547.49609,1196.77124
1/1/2023,16625.08008,1200.964844
1/2/2023,16688.4707,1214.656616
1/3/2023,16679.85742,1214.778809
1/4/2023,16863.23828,1256.526611
1/5/2023,16836.73633,1250.438599
1/6/2023,16951.96875,1269.379028
1/7/2023,16955.07813,1264.270386
1/8/2023,17091.14453,1287.359497
1/9/2023,17196.55469,1321.53894
1/10/2023,17446.29297,1336.58606
1/11/2023,17934.89648,1387.932739
1/12/2023,18869.58789,1417.938477
1/13/2023,19909.57422,1451.614868
1/14/2023,20976.29883,1550.706909
1/15/2023,20880.79883,1552.479492
1/16/2023,21169.63281,1576.833496
1/17/2023,21161.51953,1567.846069
1/18/2023,20688.78125,1515.506958
1/19/2023,21086.79297,1552.556519
1/20/2023,22676.55273,1659.75415
1/21/2023,22777.625,1627.118164
1/22/2023,22720.41602,1628.38208
1/23/2023,22934.43164,1628.251099
1/24/2023,22636.46875,1556.604248
1/25/2023,23117.85938,1611.71106
1/26/2023,23032.77734,1603.105957
1/27/2023,23078.72852,1598.156494
1/28/2023,23031.08984,1572.435059
1/29/2023,23774.56641,1646.15564
1/30/2023,22840.13867,1567.326538
1/31/2023,23139.2832,1586.5354
2/1/2023,23723.76953,1641.792725
2/2/2023,23471.87109,1643.241577
2/3/2023,23449.32227,1664.745605
2/4/2023,23331.84766,1667.059204
2/5/2023,22955.66602,1631.645874
2/6/2023,22760.10938,1616.24707
2/7/2023,23264.29102,1672.00354
2/8/2023,22939.39844,1650.716797
2/9/2023,21819.03906,1546.438232
2/10/2023,21651.18359,1514.869141
2/11/2023,21870.875,1539.926758
2/12/2023,21788.20313,1515.033691
2/13/2023,21808.10156,1507.165894
2/14/2023,22220.80469,1556.875122
2/15/2023,24307.8418,1673.745972
2/16/2023,23623.47461,1640.067627
2/17/2023,24565.60156,1694.783325
2/18/2023,24641.27734,1691.819458
2/19/2023,24327.64258,1681.436157
2/20/2023,24829.14844,1702.675171
2/21/2023,24436.35352,1658.036377
2/22/2023,24188.84375,1643.231689
2/23/2023,23947.49219,1651.073853
2/24/2023,23198.12695,1608.373169
2/25/2023,23175.375,1594.914917
2/26/2023,23561.21289,1640.817139
2/27/2023,23522.87109,1634.326416
2/28/2023,23147.35352,1605.895142
3/1/2023,23646.55078,1663.433716
3/2/2023,23475.4668,1647.319336
3/3/2023,22362.67969,1569.167603
3/4/2023,22353.34961,1566.92395
3/5/2023,22435.51367,1564.46875
3/6/2023,22429.75781,1567.398682
3/7/2023,22219.76953,1561.933105
3/8/2023,21718.08008,1534.088257
3/9/2023,20363.02148,1438.660767
3/10/2023,20187.24414,1429.158081
3/11/2023,20632.41016,1482.616699
3/12/2023,22163.94922,1590.292969
3/13/2023,24197.5332,1680.30896
3/14/2023,24746.07422,1703.50708
3/15/2023,24375.96094,1656.180542
3/16/2023,25052.78906,1677.215454
3/17/2023,27423.92969,1792.485107
3/18/2023,26965.87891,1761.659668
3/19/2023,28038.67578,1785.576538
3/20/2023,27767.23633,1735.321289
3/21/2023,28175.81641,1806.760742
3/22/2023,27307.4375,1737.717041
3/23/2023,28333.97266,1816.405151
3/24/2023,27493.28516,1752.0448
3/25/2023,27494.70703,1743.764771
3/26/2023,27994.33008,1775.676758
3/27/2023,27139.88867,1715.460815
3/28/2023,27268.13086,1772.785645
3/29/2023,28348.44141,1793.001831
3/30/2023,28033.5625,1792.737183
3/31/2023,28478.48438,1822.022095
4/1/2023,28411.03516,1813.860596
4/2/2023,28199.30859,1795.70813
4/3/2023,27790.2207,1810.297119
4/4/2023,28168.08984,1871.005127
4/5/2023,28177.98438,1909.114014
4/6/2023,28044.14063,1872.922607
4/7/2023,27925.85938,1865.636108
4/8/2023,27947.79492,1849.498169
4/9/2023,28333.05078,1859.387817
4/10/2023,29652.98047,1911.20752
4/11/2023,30235.05859,1892.189697
4/12/2023,30139.05273,1920.682129
4/13/2023,30399.06641,2012.634644
4/14/2023,30485.69922,2101.635498
4/15/2023,30318.49609,2092.466797
4/16/2023,30315.35547,2120.005859
4/17/2023,29445.04492,2076.24292
4/18/2023,30397.55273,2104.537354
4/19/2023,28822.67969,1936.403442
4/20/2023,28245.98828,1943.097656
4/21/2023,27276.91016,1849.999878
4/22/2023,27817.5,1874.228638
4/23/2023,27591.38477,1862.062012
4/24/2023,27525.33984,1842.757446
4/25/2023,28307.59766,1866.753662
4/26/2023,28422.70117,1866.564209
4/27/2023,29473.78711,1908.786377
4/28/2023,29340.26172,1892.512817
4/29/2023,29248.48828,1908.916992
4/30/2023,29268.80664,1876.924316
5/1/2023,28091.56836,1831.954834
5/2/2023,28680.53711,1870.789307
5/3/2023,29006.30859,1904.651855
5/4/2023,28847.71094,1877.704102
5/5/2023,29534.38477,1995.060913
5/6/2023,28904.62305,1900.221802
5/7/2023,28454.97852,1873.076416
5/8/2023,27694.27344,1849.042725
5/9/2023,27658.77539,1848.603149
5/10/2023,27621.75586,1842.401489
5/11/2023,27000.78906,1796.490601
5/12/2023,26804.99023,1808.019775
5/13/2023,26784.07813,1796.114868
5/14/2023,26930.63867,1800.500977
5/15/2023,27192.69336,1817.549927
5/16/2023,27036.65039,1824.12146
5/17/2023,27398.80273,1821.859619
5/18/2023,26832.20898,1801.728516
5/19/2023,26890.12891,1812.589478
5/20/2023,27129.58594,1820.478027
5/21/2023,26753.82617,1804.531372
5/22/2023,26851.27734,1817.53479
5/23/2023,27225.72656,1854.380615
5/24/2023,26334.81836,1800.099976
5/25/2023,26476.20703,1805.953735
5/26/2023,26719.29102,1828.689697
5/27/2023,26868.35352,1831.118286
5/28/2023,28085.64648,1910.914185
5/29/2023,27745.88477,1893.078125
5/30/2023,27702.34961,1901.026611
5/31/2023,27219.6582,1874.130493
6/1/2023,26819.97266,1862.201416
6/2/2023,27249.58984,1907.256592
6/3/2023,27075.12891,1892.412476
6/4/2023,27119.06641,1890.51355
6/5/2023,25760.09766,1811.828369
6/6/2023,27238.7832,1884.494873
6/7/2023,26345.99805,1832.395996
6/8/2023,26508.2168,1846.30188
6/9/2023,26480.375,1840.22522
6/10/2023,25851.24023,1752.384766
6/11/2023,25940.16797,1753.415283
6/12/2023,25902.5,1742.528687
6/13/2023,25918.72852,1739.037598
6/14/2023,25124.67578,1650.519287
6/15/2023,25576.39453,1665.519775
6/16/2023,26327.46289,1716.668823
6/17/2023,26510.67578,1727.204102
6/18/2023,26336.21289,1720.577515
6/19/2023,26851.0293,1737.659424
6/20/2023,28327.48828,1792.119995
6/21/2023,30027.29688,1891.007202
6/22/2023,29912.28125,1872.942993
6/23/2023,30695.46875,1892.862061
6/24/2023,30548.69531,1876.059692
6/25/2023,30480.26172,1900.506104
6/26/2023,30271.13086,1859.432861
6/27/2023,30688.16406,1889.703369
6/28/2023,30086.24609,1827.971191
6/29/2023,30445.35156,1852.227295
6/30/2023,30477.25195,1933.188965
7/1/2023,30590.07813,1924.565918
7/2/2023,30620.76953,1937.438354
7/3/2023,31156.43945,1955.38916
7/4/2023,30777.58203,1936.633545
7/5/2023,30514.16602,1910.588013
7/6/2023,29909.33789,1848.636475
7/7/2023,30342.26563,1870.602539
7/8/2023,30292.54102,1865.539551
7/9/2023,30171.23438,1863.009766
7/10/2023,30414.4707,1880.556396
7/11/2023,30620.95117,1878.33606
7/12/2023,30391.64648,1872.11377
7/13/2023,31476.04883,2006.511475
7/14/2023,30334.06836,1939.347046
7/15/2023,30295.80664,1931.466553
7/16/2023,30249.13281,1923.681885
7/17/2023,30145.88867,1911.646118
7/18/2023,29856.5625,1897.599243
7/19/2023,29913.92383,1889.007935
7/20/2023,29792.01563,1890.969116
7/21/2023,29908.74414,1892.080078
7/22/2023,29771.80273,1864.912354
7/23/2023,30084.53906,1889.19165
7/24/2023,29176.91602,1850.002075
7/25/2023,29227.39063,1857.741943
7/26/2023,29354.97266,1872.159912
7/27/2023,29210.68945,1860.357178
7/28/2023,29319.24609,1874.744873
7/29/2023,29356.91797,1881.068848
7/30/2023,29275.30859,1861.643799
7/31/2023,29230.11133,1856.162354
8/1/2023,29675.73242,1871.792114
8/2/2023,29151.95898,1839.089722
8/3/2023,29178.67969,1835.136475
8/4/2023,29074.0918,1827.712891
8/5/2023,29042.12695,1834.987915
8/6/2023,29041.85547,1827.462036
8/7/2023,29180.57813,1826.938843
8/8/2023,29765.49219,1855.807373
8/9/2023,29561.49414,1854.297607
8/10/2023,29429.5918,1850.753418
8/11/2023,29397.71484,1847.12439
8/12/2023,29415.96484,1848.889893
8/13/2023,29282.91406,1839.280151
8/14/2023,29408.44336,1844.185791
8/15/2023,29170.34766,1826.932739
8/16/2023,28701.7793,1805.659058
8/17/2023,26664.55078,1684.933472
8/18/2023,26049.55664,1660.945068
8/19/2023,26096.20508,1669.471924
8/20/2023,26189.58398,1684.852051
8/21/2023,26124.14063,1667.269043
8/22/2023,26031.65625,1633.892578
8/23/2023,26431.64063,1679.274414
8/24/2023,26162.37305,1659.94458
8/25/2023,26047.66797,1652.935059
8/26/2023,26008.46289,1646.306763
8/27/2023,26089.69336,1657.513062
8/28/2023,26106.15039,1652.457397
8/29/2023,27727.39258,1729.725708
8/30/2023,27297.26563,1705.112183
8/31/2023,25931.47266,1645.63916
9/1/2023,25800.72461,1628.491211
9/2/2023,25868.79883,1637.025391
9/3/2023,25969.56641,1636.117676
9/4/2023,25812.41602,1629.655273
9/5/2023,25779.98242,1633.629395
9/6/2023,25753.23633,1632.252319
9/7/2023,26240.19531,1647.598267
9/8/2023,25905.6543,1636.137817
9/9/2023,25895.67773,1635.162354
9/10/2023,25832.22656,1616.828857
9/11/2023,25162.6543,1551.637695
9/12/2023,25833.34375,1592.429443
9/13/2023,26228.32422,1607.988525
9/14/2023,26539.67383,1626.974365
9/15/2023,26608.69336,1641.640381
9/16/2023,26568.28125,1635.22168
9/17/2023,26534.1875,1622.896729
9/18/2023,26754.28125,1637.347046
9/19/2023,27211.11719,1643.544678
9/20/2023,27132.00781,1622.890625
9/21/2023,26567.63281,1584.307007
9/22/2023,26579.56836,1593.268311
9/23/2023,26579.39063,1593.857788
9/24/2023,26256.82617,1580.853394
9/25/2023,26298.48047,1588.322876
9/26/2023,26217.25,1593.417236
9/27/2023,26352.7168,1597.491211
9/28/2023,27021.54688,1652.88269
9/29/2023,26911.7207,1667.943848
9/30/2023,26967.91602,1671.161865
10/1/2023,27983.75,1733.810425
10/2/2023,27530.78516,1663.627563
10/3/2023,27429.97852,1656.685669
10/4/2023,27799.39453,1647.838135
10/5/2023,27415.91211,1611.47644
10/6/2023,27946.59766,1645.831543
10/7/2023,27968.83984,1634.51123
10/8/2023,27935.08984,1633.548584
10/9/2023,27583.67773,1579.806641
10/10/2023,27391.01953,1567.713013
10/11/2023,26873.32031,1566.254761
10/12/2023,26756.79883,1539.612427
10/13/2023,26862.375,1552.089478
10/14/2023,26861.70703,1555.256836
10/15/2023,27159.65234,1558.069824
10/16/2023,28519.4668,1600.534302
10/17/2023,28415.74805,1565.439575
10/18/2023,28328.3418,1563.749878
10/19/2023,28719.80664,1567.457031
10/20/2023,29682.94922,1604.66687
10/21/2023,29918.41211,1629.304443
10/22/2023,29993.89648,1663.429932
10/23/2023,33086.23438,1765.38269
10/24/2023,33901.52734,1784.4375
10/25/2023,34502.82031,1787.397583
10/26/2023,34156.64844,1804.039307
10/27/2023,33909.80078,1780.045288
10/28/2023,34089.57422,1776.618164
10/29/2023,34538.48047,1795.546021
10/30/2023,34502.36328,1810.088623
10/31/2023,34667.78125,1816.458984
11/1/2023,35437.25391,1847.089722
11/2/2023,34938.24219,1800.620972
11/3/2023,34732.32422,1832.795166
11/4/2023,35082.19531,1857.698608
11/5/2023,35049.35547,1894.157715
11/6/2023,35037.37109,1899.837402
11/7/2023,35443.5625,1888.124268
11/8/2023,35655.27734,1889.322388
11/9/2023,36693.125,2120.561035
11/10/2023,37313.96875,2078.289795
11/11/2023,37138.05078,2052.713867
11/12/2023,37054.51953,2045.187012
11/13/2023,36502.35547,2055.265381
11/14/2023,35537.64063,1979.052612
11/15/2023,37880.58203,2060.408447
11/16/2023,36154.76953,1960.881592
11/17/2023,36596.68359,1961.280762
11/18/2023,36585.70313,1963.285034
11/19/2023,37386.54688,2013.204468
11/20/2023,37476.95703,2022.239136
11/21/2023,35813.8125,1937.066772
11/22/2023,37432.33984,2064.425293
11/23/2023,37289.62109,2062.210693
11/24/2023,37720.28125,2081.1521
11/25/2023,37796.79297,2084.413086
11/26/2023,37479.12109,2063.286133
11/27/2023,37254.16797,2027.417358
11/28/2023,37831.08594,2049.338135
11/29/2023,37858.49219,2029.929199
11/30/2023,37712.74609,2052.556152
12/1/2023,38688.75,2087.139893
12/2/2023,39476.33203,2165.704102
12/3/2023,39978.39063,2193.69165
12/4/2023,41980.09766,2243.21582
12/5/2023,44080.64844,2293.841797
12/6/2023,43746.44531,2231.661377
12/7/2023,43292.66406,2357.57959
12/8/2023,44166.60156,2358.731934
12/9/2023,43725.98438,2341.175293
12/10/2023,43779.69922,2352.462646
12/11/2023,41243.83203,2224.578857
12/12/2023,41450.22266,2202.038086
12/13/2023,42890.74219,2260.648682
12/14/2023,43023.97266,2316.579102
12/15/2023,41929.75781,2219.337402
12/16/2023,42240.11719,2226.926514
12/17/2023,41364.66406,2196.481201
12/18/2023,42623.53906,2217.273438
12/19/2023,42270.52734,2177.872559
12/20/2023,43652.25,2201.911377
12/21/2023,43869.15234,2239.54248
12/22/2023,43997.90234,2326.524902
12/23/2023,43739.54297,2309.046387
12/24/2023,43016.11719,2265.692139
12/25/2023,43613.14063,2272.561768
12/26/2023,42520.40234,2231.465332
12/27/2023,43442.85547,2378.73999
12/28/2023,42627.85547,2347.566162
12/29/2023,42099.40234,2300.690674
12/30/2023,42156.90234,2292.06543
12/31/2023,42265.1875,2281.471191
1/1/2024,44167.33203,2352.327881
1/2/2024,44957.96875,2355.836426
1/3/2024,42848.17578,2210.761963
1/4/2024,44179.92188,2269.038086
1/5/2024,44162.69141,2268.647217
1/6/2024,43989.19531,2241.624756
1/7/2024,43943.09766,2222.865967
1/8/2024,46970.50391,2333.032715
1/9/2024,46139.73047,2344.827148
1/10/2024,46627.77734,2582.103516
1/11/2024,46368.58594,2619.619141
1/12/2024,42853.16797,2524.460205
1/13/2024,42842.38281,2576.5979
1/14/2024,41796.26953,2472.241211
1/15/2024,42511.96875,2511.36377
1/16/2024,43154.94531,2587.691162
1/17/2024,42742.65234,2528.369385
1/18/2024,41262.05859,2467.018799
1/19/2024,41618.40625,2489.498535
1/20/2024,41665.58594,2469.589111
1/21/2024,41545.78516,2453.913086
1/22/2024,39507.36719,2310.826416
1/23/2024,39845.55078,2240.686035
1/24/2024,40077.07422,2233.561768
1/25/2024,39933.80859,2217.710205
1/26/2024,41816.87109,2267.199707
1/27/2024,42120.05469,2267.885986
1/28/2024,42035.59375,2257.20874
1/29/2024,43288.24609,2317.064209
1/30/2024,42952.60938,2344.493652
1/31/2024,42582.60547,2282.544434
2/1/2024,43075.77344,2303.824707
2/2/2024,43185.85938,2308.038086
2/3/2024,42992.25,2296.03833
2/4/2024,42583.58203,2289.546143
2/5/2024,42658.66797,2298.888916
2/6/2024,43084.67188,2372.201904
2/7/2024,44318.22266,2423.745117
2/8/2024,45301.56641,2419.906494
2/9/2024,47147.19922,2487.515625
2/10/2024,47771.27734,2501.228271
2/11/2024,48293.91797,2507.570557
2/12/2024,49958.22266,2658.115967
2/13/2024,49742.44141,2642.185303
2/14/2024,51826.69531,2777.902344
2/15/2024,51938.55469,2824.378906
2/16/2024,52160.20313,2803.691406
2/17/2024,51662.99609,2786.672607
2/18/2024,52122.54688,2878.998047
2/19/2024,51779.14453,2943.574707
2/20/2024,52284.875,3013.503662
2/21/2024,51839.17969,2970.355469
2/22/2024,51304.97266,2971.007324
2/23/2024,50731.94922,2921.658203
2/24/2024,51571.10156,2992.385986
2/25/2024,51733.23828,3112.697266
2/26/2024,54522.40234,3178.993652
2/27/2024,57085.37109,3244.519287
2/28/2024,62504.78906,3385.703857
2/29/2024,61198.38281,3341.919678
3/1/2024,62440.63281,3435.053955
3/2/2024,62029.84766,3422.049805
3/3/2024,63167.37109,3490.993652
3/4/2024,68330.41406,3630.433838
3/5/2024,63801.19922,3554.9646
3/6/2024,66106.80469,3819.226318
3/7/2024,66925.48438,3874.347656
3/8/2024,68300.09375,3892.061035
3/9/2024,68498.88281,3915.418945
3/10/2024,69019.78906,3881.193115
3/11/2024,72123.90625,4066.445068
3/12/2024,71481.28906,3980.273193
3/13/2024,73083.5,4006.457031
3/14/2024,71396.59375,3883.140381
3/15/2024,69403.77344,3735.220215
3/16/2024,65315.11719,3522.860107
3/17/2024,68390.625,3642.413086
3/18/2024,67675.69531,3517.985107
